"Military expenditure by country, in millions of US$ at current prices and exchange rates, 1949-2017      © SIPRI 2018",,,,,,,,,,,,,,,,,,,,,,,,,,,,,,,,,,,,,,,,,,,,,,,,,,,,,,,,,,,,,,,,,,,,,,
"Figures are in US $m., in current prices, converted at the exchange rate for the given year.",,,,,,,,,,,,,,,,,,,,,,,,,,,,,,,,,,,,,,,,,,,,,,,,,,,,,,,,,,,,,,,,,,,,,,
Figures in blue are SIPRI estimates. Figures in red indicate highly uncertain data.,,,,,,,,,,,,,,,,,,,,,,,,,,,,,,,,,,,,,,,,,,,,,,,,,,,,,,,,,,,,,,,,,,,,,,
""". ."" = data unavailable. ""xxx"" = country did not exist or was not independent during all or part of the year in question.",,,,,,,,,,,,,,,,,,,,,,,,,,,,,,,,,,,,,,,,,,,,,,,,,,,,,,,,,,,,,,,,,,,,,,
,,,,,,,,,,,,,,,,,,,,,,,,,,,,,,,,,,,,,,,,,,,,,,,,,,,,,,,,,,,,,,,,,,,,,,
Country,Notes,1949,1950,1951,1952,1953,1954,1955,1956,1957,1958,1959,1960,1961,1962,1963,1964,1965,1966,1967,1968,1969,1970,1971,1972,1973,1974,1975,1976,1977,1978,1979,1980,1981,1982,1983,1984,1985,1986,1987,1988,1989,1990,1991,1992,1993,1994,1995,1996,1997,1998,1999,2000,2001,2002,2003,2004,2005,2006,2007,2008,2009,2010,2011,2012,2013,2014,2015,2016,2017
Africa,,,,,,,,,,,,,,,,,,,,,,,,,,,,,,,,,,,,,,,,,,,,,,,,,,,,,,,,,,,,,,,,,,,,,,
North Africa,,,,,,,,,,,,,,,,,,,,,,,,,,,,,,,,,,,,,,,,,,,,,,,,,,,,,,,,,,,,,,,,,,,,,,
Algeria,1,xxx,xxx,xxx,xxx,xxx,xxx,xxx,xxx,xxx,xxx,xxx,xxx,xxx,. .,66.4,99.9,105.5,104.5,99.2,99.2,99.2,98.8,99.9,109.9,136.8,260.2,332.3,480.6,471.7,627.9,711.7,890.2,806.6,932.5,952.4,929.3,953.3,1127.1,1197.0,1028.6,854.3,904.3,565.1,1053.3,1276.9,1334.9,1234.7,1452.4,1752.4,1911.0,1826.5,1881.2,2091.6,2100.6,2206.4,2802.2,2924.8,3094.0,3945.8,5172.3,5280.6,5671.3,8652.2,9326.3,10161.6,9724.4,10412.7,10217.1,10073.4
Libya,‡ ¶ 2,xxx,xxx,. .,. .,. .,. .,. .,. .,. .,. .,5.6,5.6,7.2,16.7,18.7,21.5,29.1,58.5,79.5,95.5,143.1,242.5,243.0,202.8,298.3,431.7,287.8,326.3,479.6,729.9,853.6,1074.1,557.3,709.3,. .,. .,. .,. .,. .,. .,. .,. .,. .,. .,. .,. .,. .,. .,1252.0,1443.6,1153.5,1085.5,819.7,452.5,541.4,685.1,690.9,614.4,639.1,1100.1,. .,. .,. .,2987.4,3964.7,3755.7,. .,. .,. .
Morocco,3,xxx,xxx,xxx,xxx,xxx,xxx,xxx,23.7,35.4,41.7,41.9,41.6,48.3,53.8,74.9,70.0,63.2,67.9,70.3,90.9,85.0,88.9,111.3,140.4,185.8,241.9,413.3,577.2,731.5,772.6,896.4,1118.0,975.6,959.5,628.2,512.5,692.5,728.5,815.4,917.3,990.6,1069.7,1148.4,1228.5,1251.8,1365.3,1437.9,1447.1,1400.9,1445.0,1207.5,859.2,1470.3,1474.9,1819.2,1937.5,2031.1,2134.6,2408.4,2945.0,3055.1,3160.8,3342.7,3402.7,4065.6,4048.6,3268.4,3327.0,3461.5
Tunisia,,xxx,xxx,xxx,xxx,xxx,xxx,xxx,3.7,6.4,9.5,14.3,16.0,18.6,14.3,15.2,17.5,12.8,13.7,15.4,17.5,17.0,22.5,24.9,31.7,38.2,46.5,75.3,84.0,121.7,148.5,160.9,194.1,228.8,328.6,383.5,249.5,215.9,206.8,194.4,232.9,234.1,247.9,260.4,289.7,276.2,297.1,342.9,397.5,358.2,365.8,357.0,332.4,335.6,345.4,407.4,444.7,468.5,497.2,490.7,578.9,564.8,571.2,715.2,681.2,759.4,908.4,979.5,987.7,835.5
Sub-Saharan,,,,,,,,,,,,,,,,,,,,,,,,,,,,,,,,,,,,,,,,,,,,,,,,,,,,,,,,,,,,,,,,,,,,,,
Angola,4,xxx,xxx,xxx,xxx,xxx,xxx,xxx,xxx,xxx,xxx,xxx,xxx,xxx,xxx,xxx,xxx,xxx,xxx,xxx,xxx,xxx,xxx,xxx,xxx,xxx,xxx,. .,. .,. .,343.3,504.7,497.4,618.9,668.5,778.6,1066.2,1146.5,1156.5,1487.4,1469.4,1948.6,1751.2,1031.2,794.1,1774.4,595.0,233.8,159.7,456.8,170.3,1066.6,583.6,404.3,438.7,670.0,817.5,1365.1,1970.3,2032.4,3163.6,3311.2,3500.8,3639.5,4144.6,6090.8,6841.9,3608.3,2824.3,3062.9
Benin,,xxx,xxx,xxx,xxx,xxx,xxx,xxx,xxx,xxx,xxx,xxx,1.3,2.2,2.7,3.0,3.8,4.0,3.7,3.9,4.3,4.0,4.1,4.3,4.9,6.7,6.4,7.9,7.2,10.1,8.6,17.6,23.6,17.2,16.6,17.8,21.2,19.8,26.3,35.6,36.9,28.5,32.8,. .,. .,. .,. .,. .,. .,. .,. .,17.8,14.5,13.1,26.0,34.5,41.8,44.7,46.8,. .,64.7,. .,. .,. .,78.2,86.0,93.0,90.9,79.6,116.1
Botswana,,xxx,xxx,xxx,xxx,xxx,xxx,xxx,xxx,xxx,xxx,xxx,xxx,xxx,xxx,xxx,xxx,xxx,. .,. .,. .,. .,. .,. .,. .,. .,. .,. .,. .,5.7,14.3,24.4,31.8,31.2,23.6,24.5,26.1,21.0,34.3,73.8,93.7,102.8,156.3,172.3,178.0,185.7,170.4,165.9,140.6,160.5,181.1,169.6,184.7,210.3,223.5,301.0,314.0,283.8,272.9,306.5,332.4,330.1,348.7,363.3,326.9,306.4,346.3,383.7,514.5,531.2
Burkina Faso,†,xxx,xxx,xxx,xxx,xxx,xxx,xxx,xxx,xxx,xxx,xxx,1.3,1.6,4.9,5.3,5.4,3.5,3.9,3.7,3.8,4.0,4.2,4.3,4.9,6.1,6.3,18.1,19.5,22.9,32.4,32.0,35.4,33.9,32.9,29.3,27.0,27.1,51.2,50.7,57.2,66.8,84.5,69.5,71.1,60.5,30.3,36.9,37.1,38.5,39.5,41.7,36.7,36.8,42.5,50.8,65.7,73.8,72.6,107.8,117.0,127.3,123.7,138.9,147.7,166.1,177.2,147.9,149.5,191.1
Burundi,‡,xxx,xxx,xxx,xxx,xxx,xxx,xxx,xxx,xxx,xxx,xxx,xxx,xxx,8.4,1.0,1.2,2.2,2.3,2.4,2.6,3.3,. .,2.6,3.6,5.9,7.7,8.5,10.0,14.0,17.0,20.0,27.8,30.0,36.7,34.4,29.9,32.2,34.6,30.8,34.3,37.9,39.6,42.8,39.0,36.3,41.9,42.1,50.9,61.9,58.7,50.6,42.3,53.2,44.9,43.4,44.9,49.6,44.7,46.3,43.9,. .,. .,. .,59.0,60.9,62.2,66.2,66.5,63.9
Cameroon,§,xxx,xxx,xxx,xxx,xxx,xxx,xxx,xxx,xxx,xxx,xxx,. .,. .,. .,. .,. .,. .,. .,. .,. .,. .,20.3,21.5,24.9,31.6,34.6,46.8,48.5,55.2,71.4,88.4,99.9,120.2,131.6,129.9,127.2,116.2,145.4,163.1,154.4,146.9,180.6,178.2,183.8,168.2,94.5,113.6,116.9,118.7,137.2,144.7,123.0,124.3,145.6,188.5,221.1,223.1,256.9,296.7,346.6,343.3,354.1,347.5,354.4,392.8,401.5,353.8,387.4,408.2
Cape Verde,,xxx,xxx,xxx,xxx,xxx,xxx,xxx,xxx,xxx,xxx,xxx,xxx,xxx,xxx,xxx,xxx,xxx,xxx,xxx,xxx,xxx,xxx,xxx,xxx,xxx,xxx,. .,. .,. .,. .,. .,. .,. .,. .,. .,3.7,3.4,4.5,5.0,5.1,. .,. .,. .,3.6,2.7,3.4,6.2,4.3,4.1,4.5,5.0,6.8,4.6,4.5,5.8,6.5,7.1,7.0,7.9,10.8,8.4,8.2,9.8,9.7,9.8,10.0,8.9,10.2,9.4
Central African Rep.,‡ 5,xxx,xxx,xxx,xxx,xxx,xxx,xxx,xxx,xxx,xxx,xxx,. .,. .,. .,. .,. .,. .,. .,. .,. .,. .,. .,. .,. .,. .,. .,. .,. .,. .,. .,. .,. .,. .,. .,. .,. .,. .,. .,. .,. .,. .,. .,21.6,23.2,19.1,10.7,13.0,12.2,. .,. .,. .,. .,. .,10.7,15.0,15.1,15.4,. .,19.1,31.5,36.0,51.6,49.9,42.7,47.9,38.4,26.7,26.8,27.5
Chad,,xxx,xxx,xxx,xxx,xxx,xxx,xxx,xxx,xxx,xxx,xxx,. .,. .,. .,. .,. .,. .,. .,. .,. .,. .,. .,. .,. .,. .,. .,. .,. .,. .,. .,. .,. .,. .,. .,39.4,40.0,37.8,48.8,34.3,77.9,56.4,34.3,. .,35.3,39.2,22.2,20.0,24.8,16.6,16.1,21.0,21.3,26.2,34.3,40.9,50.5,55.5,223.0,389.1,611.4,738.9,615.8,609.7,. .,726.5,392.4,221.0,309.6,210.0
Congo,§,xxx,xxx,xxx,xxx,xxx,xxx,xxx,xxx,xxx,xxx,xxx,. .,. .,. .,. .,. .,. .,. .,. .,. .,. .,13.1,13.7,12.7,19.4,24.1,33.5,34.3,36.6,38.0,52.6,57.4,63.5,72.4,. .,49.4,55.6,. .,100.5,. .,. .,. .,. .,125.6,109.5,. .,. .,. .,. .,. .,. .,. .,54.4,70.7,93.8,124.3,100.9,126.6,168.1,207.7,. .,218.4,. .,. .,367.1,704.9,. .,561.5,484.3
"Congo, Dem. Rep.",6,xxx,xxx,xxx,xxx,xxx,xxx,xxx,xxx,xxx,xxx,xxx,. .,. .,. .,58.2,49.8,78.9,78.4,45.9,50.5,72.5,102.4,101.8,94.0,102.4,189.2,173.7,120.8,161.5,215.0,190.9,152.2,71.7,147.2,78.9,53.4,40.4,67.4,28.3,214.9,67.5,45.9,43.9,85.5,469.2,. .,. .,89.3,83.8,26.6,149.3,132.9,. .,. .,78.7,137.6,165.2,205.1,205.2,160.0,122.4,183.7,238.8,332.5,374.5,341.2,491.3,395.7,295.2
Côte d’Ivoire,7,xxx,xxx,xxx,xxx,xxx,xxx,xxx,xxx,xxx,xxx,xxx,. .,. .,8.8,8.1,11.2,12.9,13.3,14.7,15.3,16.2,17.7,24.0,31.7,28.7,41.1,45.9,52.5,51.4,86.8,102.7,118.5,92.0,86.4,76.3,70.2,69.6,96.6,122.8,128.1,129.7,144.0,144.2,156.8,148.6,84.1,. .,102.7,93.5,. .,. .,. .,. .,. .,213.0,250.8,249.9,267.4,323.6,368.9,420.1,387.7,357.3,407.6,430.0,521.3,569.7,602.5,495.8
Djibouti,,xxx,xxx,xxx,xxx,xxx,xxx,xxx,xxx,xxx,xxx,xxx,xxx,xxx,xxx,xxx,xxx,xxx,xxx,xxx,xxx,xxx,xxx,xxx,xxx,xxx,xxx,xxx,xxx,. .,0.0,0.0,1.8,5.4,29.6,30.9,31.1,31.4,30.6,30.8,31.1,31.1,31.1,31.8,33.6,31.1,30.7,29.6,24.5,26.6,26.7,26.8,26.0,26.0,33.3,41.8,37.4,44.8,49.5,34.5,36.3,. .,. .,. .,. .,. .,. .,. .,. .,. .
Equatorial Guinea,,xxx,xxx,xxx,xxx,xxx,xxx,xxx,xxx,xxx,xxx,xxx,xxx,xxx,xxx,xxx,xxx,xxx,xxx,xxx,. .,. .,. .,. .,. .,. .,. .,. .,. .,. .,. .,. .,. .,. .,. .,. .,. .,. .,. .,. .,. .,. .,. .,. .,. .,. .,2.4,3.4,. .,. .,. .,. .,. .,. .,. .,. .,. .,. .,. .,196.3,292.8,371.9,. .,. .,. .,. .,166.5,. .,18.2,. .
Eritrea,8,xxx,xxx,xxx,xxx,xxx,xxx,xxx,xxx,xxx,xxx,xxx,xxx,xxx,xxx,xxx,xxx,xxx,xxx,xxx,xxx,xxx,xxx,xxx,xxx,xxx,xxx,xxx,xxx,xxx,xxx,xxx,xxx,xxx,xxx,xxx,xxx,xxx,xxx,xxx,xxx,xxx,xxx,xxx,xxx,107.7,80.2,125.0,152.3,92.8,263.0,272.9,230.7,166.6,150.8,181.6,. .,. .,. .,. .,. .,. .,. .,. .,. .,. .,. .,. .,. .,. .
Ethiopia,,. .,. .,. .,. .,. .,. .,. .,. .,15.1,16.2,15.2,15.3,18.6,20.2,27.3,36.1,42.9,43.4,37.0,34.7,34.4,34.5,36.1,41.0,48.4,74.8,125.1,128.0,135.0,178.2,276.3,359.3,367.0,387.4,408.4,423.0,429.4,439.2,476.6,614.9,781.5,785.0,529.0,255.3,163.9,148.7,122.5,126.5,225.4,458.5,703.7,617.5,349.8,288.9,278.7,311.0,342.1,345.7,360.1,388.2,339.6,303.6,332.4,366.5,345.1,414.5,442.6,468.7,487.8
Gabon,9,xxx,xxx,xxx,xxx,xxx,xxx,xxx,xxx,xxx,xxx,xxx,. .,. .,. .,. .,. .,. .,. .,3.0,3.0,4.4,4.6,5.5,6.7,9.4,10.5,16.8,20.1,28.9,. .,56.9,68.6,88.3,88.6,86.6,80.3,95.5,136.0,. .,. .,. .,. .,. .,. .,. .,. .,. .,. .,. .,. .,. .,91.3,90.0,94.7,108.4,125.1,118.1,130.2,. .,. .,. .,268.7,266.0,278.1,282.2,208.1,170.4,202.8,298.7
Gambia,‡ 10,xxx,xxx,xxx,xxx,xxx,xxx,xxx,xxx,xxx,xxx,xxx,xxx,xxx,xxx,xxx,xxx,. .,. .,. .,. .,. .,. .,. .,. .,. .,. .,. .,. .,. .,. .,. .,. .,. .,. .,0.7,0.8,1.2,1.0,1.4,2.2,2.7,3.5,4.0,3.5,2.6,2.3,2.9,3.9,4.2,4.0,3.5,3.3,2.5,2.3,2.0,1.9,3.0,2.8,4.5,17.2,7.1,. .,. .,11.2,10.4,14.6,14.3,. .,. .
Ghana,11,xxx,xxx,xxx,xxx,xxx,xxx,xxx,xxx,. .,10.0,11.7,20.8,27.5,27.9,31.1,33.3,35.6,47.3,. .,44.3,49.0,46.9,41.1,30.2,41.1,64.1,78.8,89.0,121.7,101.4,66.4,120.6,195.6,170.3,71.1,44.6,63.2,51.7,43.3,22.8,22.6,27.6,41.4,41.7,41.0,37.8,49.1,44.4,45.5,57.5,59.3,50.9,32.4,37.0,53.2,56.4,64.2,75.7,126.1,113.7,118.3,122.5,234.3,337.3,255.0,252.7,190.5,161.8,189.1
Guinea,12,xxx,xxx,xxx,xxx,xxx,xxx,xxx,xxx,xxx,xxx,xxx,. .,. .,. .,. .,. .,10.5,13.9,. .,14.2,14.7,15.1,26.3,31.7,36.1,. .,. .,. .,. .,85.2,71.0,60.3,52.5,52.3,. .,. .,. .,. .,. .,. .,. .,. .,71.8,55.7,44.0,45.9,. .,. .,44.4,45.0,55.2,46.0,87.7,98.1,84.1,81.0,. .,. .,. .,. .,. .,. .,. .,168.9,196.8,196.9,221.4,161.9,171.7
Guinea-Bissau,13,xxx,xxx,xxx,xxx,xxx,xxx,xxx,xxx,xxx,xxx,xxx,xxx,xxx,xxx,xxx,xxx,xxx,xxx,xxx,xxx,xxx,xxx,xxx,xxx,. .,. .,. .,. .,. .,. .,. .,. .,. .,9.4,18.1,6.5,4.7,6.1,3.9,. .,4.4,. .,. .,. .,. .,2.0,2.2,1.9,1.8,2.9,. .,9.5,6.2,6.4,7.5,. .,12.1,. .,. .,. .,13.7,17.1,17.5,24.5,21.7,21.5,17.0,. .,. .
Kenya,,xxx,xxx,xxx,xxx,xxx,xxx,xxx,xxx,xxx,xxx,xxx,xxx,xxx,xxx,1.9,5.9,9.9,13.0,16.0,16.4,15.7,17.0,22.1,29.7,37.3,46.8,54.1,75.9,147.8,239.5,291.0,271.7,241.2,243.7,208.7,175.0,145.8,181.3,249.8,250.9,228.6,246.5,191.9,156.0,105.7,117.3,149.1,170.8,175.8,172.0,151.9,165.6,195.4,213.9,245.9,259.8,316.8,375.8,494.7,580.0,578.1,622.0,646.7,840.1,860.6,819.0,843.7,933.1,963.5
Lesotho,,xxx,xxx,xxx,xxx,xxx,xxx,xxx,xxx,xxx,xxx,xxx,xxx,xxx,xxx,xxx,xxx,xxx,. .,. .,. .,. .,. .,. .,. .,. .,. .,. .,2.3,2.8,4.0,5.4,11.6,12.4,15.0,14.1,12.3,10.7,13.4,18.1,17.0,22.6,24.2,22.3,24.2,22.1,25.9,34.4,28.3,28.7,27.8,34.1,30.6,23.4,19.6,27.4,31.4,33.6,35.2,39.8,27.4,47.4,70.7,58.2,53.2,47.9,47.7,44.0,41.5,52.6
Liberia,14,. .,. .,. .,. .,. .,. .,. .,. .,. .,. .,. .,. .,. .,. .,. .,. .,2.7,2.8,3.1,3.1,3.1,3.6,4.1,4.1,3.8,4.6,5.5,6.4,7.8,8.9,9.4,12.8,26.4,43.4,38.8,25.0,25.2,24.4,22.3,25.0,. .,. .,25.0,22.7,30.5,39.3,. .,. .,. .,. .,. .,. .,. .,. .,. .,3.2,8.0,3.9,3.5,3.9,7.2,8.5,13.3,15.2,15.1,14.5,14.8,14.6,13.7
Madagascar,15,xxx,xxx,xxx,xxx,xxx,xxx,xxx,xxx,xxx,xxx,xxx,1.6,8.5,9.2,9.0,9.5,10.7,11.3,12.1,13.0,13.0,12.1,12.8,16.1,20.3,25.9,30.2,33.0,44.0,52.2,81.9,90.4,86.5,. .,. .,55.1,50.9,50.6,36.7,32.9,30.2,37.9,34.7,23.1,37.8,27.6,27.2,49.4,52.5,50.4,45.0,47.2,65.0,57.7,72.5,54.5,54.0,53.9,81.9,103.3,71.0,56.9,72.0,68.6,71.9,69.7,58.9,59.4,67.3
Malawi,,xxx,xxx,xxx,xxx,xxx,xxx,xxx,xxx,xxx,xxx,xxx,xxx,xxx,xxx,xxx,. .,1.8,1.8,2.1,1.9,2.0,2.1,2.3,2.7,4.7,5.3,9.4,9.2,13.6,25.6,43.0,53.1,38.5,27.0,22.2,18.8,19.8,24.7,21.6,20.2,22.8,24.3,23.7,25.2,25.7,17.1,11.0,20.2,26.4,14.5,14.4,11.7,12.7,14.8,13.1,22.0,38.2,31.1,33.6,44.5,58.8,50.0,52.8,46.2,62.9,49.5,40.8,35.7,47.2
Mali,¶,xxx,xxx,xxx,xxx,xxx,xxx,xxx,xxx,xxx,xxx,xxx,. .,3.9,4.3,4.4,5.2,4.6,4.6,5.1,5.3,5.7,6.2,6.3,8.3,11.0,11.6,19.1,21.8,26.1,31.0,36.2,38.3,31.6,29.5,26.8,25.4,29.8,37.5,44.3,48.0,46.1,52.2,. .,. .,44.5,29.9,40.5,39.7,40.3,41.0,43.9,43.7,44.9,49.4,66.8,77.4,86.5,96.0,110.4,142.9,144.4,146.8,161.1,148.9,153.8,218.1,309.2,362.4,461.2
Mauritania,‡,xxx,xxx,xxx,xxx,xxx,xxx,xxx,xxx,xxx,xxx,xxx,. .,. .,. .,. .,. .,. .,. .,. .,. .,. .,. .,. .,. .,. .,. .,. .,. .,. .,. .,. .,. .,. .,. .,. .,. .,41.1,42.5,43.7,43.0,38.9,40.2,39.4,39.4,30.2,29.5,32.0,37.9,41.6,25.6,32.0,37.9,51.9,36.3,62.4,. .,66.7,81.9,. .,123.3,114.8,. .,. .,142.3,144.2,144.8,132.9,136.1,. .
Mauritius,,xxx,xxx,xxx,xxx,xxx,xxx,xxx,xxx,xxx,xxx,xxx,xxx,xxx,xxx,xxx,xxx,xxx,xxx,xxx,0.3,0.3,0.4,0.5,0.5,0.6,0.8,1.1,1.3,1.4,1.8,2.5,5.5,5.3,2.8,2.9,2.6,2.4,2.9,3.6,4.7,6.3,9.2,10.5,11.4,10.8,11.9,13.4,13.0,9.8,8.5,9.0,9.4,9.0,9.5,10.9,10.9,10.9,10.8,11.6,15.6,15.3,14.9,17.5,16.7,23.2,19.7,21.1,23.0,23.8
Mozambique,16,xxx,xxx,xxx,xxx,xxx,xxx,xxx,xxx,xxx,xxx,xxx,xxx,xxx,xxx,xxx,xxx,xxx,xxx,xxx,xxx,xxx,xxx,xxx,xxx,xxx,xxx,. .,. .,39.1,76.3,78.0,92.3,99.3,103.0,116.3,136.7,148.2,170.7,83.6,63.9,79.1,84.6,71.8,59.6,59.4,72.9,33.5,36.0,42.0,49.3,56.5,55.4,50.6,53.5,59.8,77.6,62.2,57.4,68.6,83.7,84.3,99.2,118.9,139.1,157.9,173.8,147.0,112.2,102.6
Namibia,17,xxx,xxx,xxx,xxx,xxx,xxx,xxx,xxx,xxx,xxx,xxx,xxx,xxx,xxx,xxx,xxx,xxx,xxx,xxx,xxx,xxx,xxx,xxx,xxx,xxx,xxx,xxx,xxx,xxx,xxx,xxx,xxx,xxx,xxx,xxx,xxx,xxx,xxx,xxx,xxx,xxx,. .,144.8,124.6,70.2,57.0,68.2,66.5,83.7,78.9,105.8,92.4,96.8,88.0,129.4,167.0,192.1,199.6,228.2,266.3,299.5,396.5,443.6,412.2,390.0,537.5,518.2,416.0,433.9
Niger,,xxx,xxx,xxx,xxx,xxx,xxx,xxx,xxx,xxx,xxx,xxx,. .,. .,. .,. .,. .,. .,. .,. .,. .,. .,. .,. .,. .,. .,. .,7.3,8.2,11.0,14.8,17.5,17.0,14.0,12.8,12.4,10.6,10.9,14.4,13.7,. .,. .,. .,. .,. .,. .,17.5,18.4,17.4,17.3,22.0,23.6,20.1,24.8,20.7,24.6,31.6,32.8,. .,. .,53.6,53.0,66.9,83.9,148.9,106.1,145.6,. .,166.2,200.2
Nigeria,18,xxx,xxx,xxx,xxx,xxx,xxx,xxx,xxx,xxx,xxx,xxx,23.4,28.3,38.6,45.5,54.3,65.9,55.7,240.0,369.0,684.5,662.3,639.3,904.1,1020.2,1351.1,3028.6,2644.4,3138.2,3022.6,3070.8,3029.9,2135.5,1651.9,1627.4,1210.9,1091.7,516.9,201.7,271.1,170.7,277.3,243.7,173.7,289.2,319.7,639.4,701.4,818.8,1149.7,491.7,368.6,570.6,896.9,587.5,640.0,674.2,776.1,971.3,1615.5,1504.5,1990.1,2384.9,2316.5,2418.8,2357.7,2065.6,1723.2,1621.2
Rwanda,19,xxx,xxx,xxx,xxx,xxx,xxx,xxx,xxx,xxx,xxx,xxx,xxx,xxx,. .,. .,. .,. .,. .,. .,. .,. .,. .,. .,. .,9.4,7.8,9.3,10.3,16.1,14.4,19.6,23.6,28.7,28.2,28.0,25.5,27.3,34.9,36.1,36.6,41.6,95.1,105.3,88.6,89.4,40.5,56.4,73.7,77.3,87.1,80.9,61.3,56.9,51.1,45.2,41.2,45.0,54.6,55.6,67.7,75.3,74.5,75.4,79.8,82.5,90.9,103.6,107.3,111.0
Senegal,§ ¶ 20,xxx,xxx,xxx,xxx,xxx,xxx,xxx,xxx,xxx,xxx,xxx,. .,. .,. .,. .,. .,. .,. .,. .,. .,. .,. .,. .,. .,. .,. .,. .,. .,. .,. .,94.4,96.5,86.8,73.1,70.6,65.1,65.0,85.5,99.9,105.3,99.6,118.2,110.0,109.8,119.9,66.1,80.9,79.8,70.8,75.1,78.3,62.4,68.9,74.4,96.9,107.6,124.4,148.6,192.8,216.9,214.8,195.7,230.2,196.7,236.7,239.9,214.8,304.8,305.4
Seychelles,,xxx,xxx,xxx,xxx,xxx,xxx,xxx,xxx,xxx,xxx,xxx,xxx,xxx,xxx,xxx,xxx,xxx,xxx,xxx,xxx,xxx,xxx,xxx,xxx,xxx,xxx,xxx,. .,. .,. .,. .,. .,. .,. .,. .,. .,7.2,9.8,11.3,12.1,13.0,14.8,16.6,20.5,12.9,11.9,11.6,10.5,11.4,10.5,11.1,10.3,11.1,11.7,12.2,15.9,14.7,14.4,15.2,11.1,8.7,7.2,8.7,9.9,13.8,30.9,18.1,22.0,21.7
Sierra Leone,21,xxx,xxx,xxx,xxx,xxx,xxx,xxx,xxx,xxx,xxx,xxx,xxx,1.9,2.0,2.2,2.4,2.5,2.5,2.9,2.7,3.3,4.0,3.8,4.2,5.0,6.8,6.5,6.0,7.1,8.1,10.8,15.9,15.8,14.1,10.2,9.9,6.3,7.2,4.6,9.0,14.4,12.4,23.2,26.7,23.3,26.5,25.0,18.6,9.5,. .,. .,23.3,29.9,27.1,28.5,23.0,23.6,28.0,29.1,23.6,26.4,25.1,25.5,29.8,31.7,48.8,39.2,26.8,28.7
Somalia,22,xxx,xxx,xxx,xxx,xxx,xxx,xxx,xxx,xxx,xxx,xxx,. .,3.2,3.7,4.5,5.4,5.2,6.5,7.5,8.3,9.0,11.2,11.4,13.2,16.1,21.4,23.1,26.3,31.7,81.4,87.7,95.5,134.0,83.9,83.9,89.2,44.3,34.9,28.5,49.5,8.6,. .,. .,. .,. .,. .,. .,. .,. .,. .,. .,. .,. .,. .,. .,. .,. .,. .,. .,. .,. .,. .,. .,. .,26.1,60.3,46.6,47.7,62.2
South Africa,,. .,. .,64.7,74.5,65.8,63.0,67.2,77.0,81.9,63.7,60.5,70.0,113.7,186.2,189.0,271.6,289.4,324.4,373.1,399.7,425.6,417.9,485.9,492.4,752.9,1102.3,1431.7,1677.3,2073.7,2068.0,2160.9,2661.7,3012.0,2744.7,3052.7,2770.2,2117.4,2497.9,3596.0,4263.1,4181.9,4364.5,3874.4,3677.4,3254.3,3478.6,3292.4,2591.8,2414.1,1905.7,1738.0,1891.7,1802.3,1766.1,2574.2,3099.1,3567.0,3506.1,3525.7,3285.9,3592.7,4188.2,4594.2,4489.6,4118.2,3893.5,3489.2,3171.8,3618.3
South Sudan,23,xxx,xxx,xxx,xxx,xxx,xxx,xxx,xxx,xxx,xxx,xxx,xxx,xxx,xxx,xxx,xxx,xxx,xxx,xxx,xxx,xxx,xxx,xxx,xxx,xxx,xxx,xxx,xxx,xxx,xxx,xxx,xxx,xxx,xxx,xxx,xxx,xxx,xxx,xxx,xxx,xxx,xxx,xxx,xxx,xxx,xxx,xxx,xxx,xxx,xxx,xxx,xxx,xxx,xxx,xxx,xxx,xxx,551.5,588.0,896.4,609.9,650.9,1052.7,988.2,982.0,1301.5,1151.9,135.3,72.4
Sudan,‡ 24,xxx,xxx,xxx,xxx,xxx,xxx,xxx,0.1,14.1,14.4,16.6,18.7,20.5,24.8,28.1,41.9,56.4,50.3,52.3,57.7,87.0,108.3,110.0,108.0,113.2,111.4,119.5,179.2,216.5,175.9,240.0,228.0,204.0,172.2,230.8,355.4,205.3,260.0,310.3,369.3,. .,1177.8,1365.8,183.7,258.0,226.2,138.8,106.3,97.7,260.0,429.6,587.3,388.1,484.6,398.1,1240.8,1165.0,1647.8,2427.1,3228.0,3180.5,. .,. .,. .,. .,. .,2279.6,2748.5,4383.0
Swaziland,‡ 25,xxx,xxx,xxx,xxx,xxx,xxx,xxx,xxx,xxx,xxx,xxx,xxx,xxx,xxx,xxx,xxx,xxx,xxx,xxx,. .,. .,. .,. .,. .,. .,. .,. .,. .,5.4,8.3,10.2,13.1,12.4,11.1,11.7,9.1,6.6,7.3,8.3,8.7,8.7,14.2,16.0,21.0,23.7,25.8,28.8,26.5,25.7,25.7,25.9,24.5,19.7,18.3,31.9,42.7,59.5,58.5,61.9,66.7,75.9,102.0,106.6,90.6,86.0,81.4,73.5,67.3,86.5
Tanzania,,xxx,xxx,xxx,xxx,xxx,xxx,xxx,xxx,xxx,xxx,xxx,xxx,. .,. .,. .,. .,. .,. .,14.6,16.2,20.1,29.5,42.6,53.7,77.9,120.0,138.3,136.7,190.7,421.7,375.5,232.3,331.0,366.8,333.0,293.0,346.0,260.7,161.6,124.8,105.3,87.2,108.1,96.9,58.7,58.4,85.5,101.0,118.6,134.3,128.5,135.1,150.7,140.8,125.3,127.6,139.5,147.4,166.2,194.0,219.5,282.7,307.5,359.7,443.4,507.3,517.1,544.2,593.1
Togo,,xxx,xxx,xxx,xxx,xxx,xxx,xxx,xxx,xxx,xxx,xxx,. .,0.3,0.7,1.1,3.4,3.4,2.9,3.1,3.3,3.4,3.7,4.2,5.1,6.9,8.1,11.1,14.2,21.1,22.7,22.5,24.8,22.5,18.5,16.4,15.7,18.9,30.0,43.4,43.1,41.9,50.7,45.9,49.1,50.1,25.4,30.9,. .,. .,. .,. .,. .,. .,. .,28.8,31.7,33.2,. .,. .,57.0,55.1,56.8,59.0,62.9,72.4,83.1,70.0,82.0,88.4
Uganda,,xxx,xxx,xxx,xxx,xxx,xxx,xxx,xxx,xxx,xxx,xxx,xxx,xxx,0.7,2.7,5.5,10.7,14.3,16.8,19.9,22.9,26.6,52.7,64.9,64.9,80.2,86.6,101.1,131.9,151.7,206.8,398.8,108.1,87.5,93.7,75.2,104.8,131.1,131.0,140.9,139.8,107.0,73.6,52.3,62.6,104.1,127.0,135.4,139.6,154.7,159.7,141.3,136.2,142.2,152.4,196.0,216.7,218.5,252.1,311.9,293.5,608.7,642.5,429.4,432.7,465.2,484.2,523.4,444.6
Zambia,,xxx,xxx,xxx,xxx,xxx,xxx,xxx,xxx,xxx,xxx,xxx,xxx,xxx,xxx,xxx,. .,. .,. .,. .,. .,. .,. .,. .,. .,. .,. .,. .,. .,. .,. .,. .,. .,. .,. .,. .,81.6,53.2,61.6,66.9,86.7,167.6,139.3,86.2,97.8,51.1,62.9,55.3,37.8,43.4,. .,56.1,. .,. .,. .,. .,98.3,139.5,205.9,232.3,278.1,221.0,280.2,309.1,346.3,381.3,443.6,372.4,299.5,339.7
Zimbabwe,26,xxx,xxx,xxx,xxx,xxx,xxx,xxx,xxx,xxx,xxx,xxx,xxx,xxx,xxx,xxx,xxx,15.6,17.0,19.0,30.6,42.4,46.0,49.9,58.5,86.9,118.6,148.6,199.8,285.4,347.8,441.2,442.8,389.7,437.5,431.8,360.7,309.3,342.2,392.6,407.1,408.6,416.3,376.1,296.4,249.8,247.9,262.9,291.7,311.4,306.0,263.4,346.3,286.7,677.0,194.8,256.1,131.4,161.7,. .,. .,. .,98.3,198.4,318.3,356.7,368.1,376.7,358.1,340.5
Americas,,,,,,,,,,,,,,,,,,,,,,,,,,,,,,,,,,,,,,,,,,,,,,,,,,,,,,,,,,,,,,,,,,,,,,
Central America and the Caribbean,,,,,,,,,,,,,,,,,,,,,,,,,,,,,,,,,,,,,,,,,,,,,,,,,,,,,,,,,,,,,,,,,,,,,,
Belize,,xxx,xxx,xxx,xxx,xxx,xxx,xxx,xxx,xxx,xxx,xxx,xxx,xxx,xxx,xxx,xxx,xxx,xxx,xxx,xxx,xxx,xxx,xxx,xxx,xxx,xxx,xxx,xxx,xxx,xxx,xxx,xxx,2.1,2.6,2.9,3.3,3.3,. .,. .,. .,4.4,4.8,4.7,5.3,6.1,7.9,8.1,8.0,9.4,. .,. .,7.1,7.5,7.8,8.6,9.5,10.7,12.3,13.8,18.7,17.3,15.3,15.4,15.2,17.8,19.9,19.7,21.9,22.8
Costa Rica,27,0.0,0.0,0.0,0.0,0.0,0.0,0.0,0.0,0.0,0.0,0.0,0.0,0.0,0.0,0.0,0.0,0.0,0.0,0.0,0.0,0.0,0.0,0.0,0.0,0.0,0.0,0.0,0.0,0.0,0.0,0.0,0.0,0.0,0.0,0.0,0.0,0.0,0.0,0.0,0.0,0.0,0.0,0.0,0.0,0.0,0.0,0.0,0.0,0.0,0.0,0.0,0.0,0.0,0.0,0.0,0.0,0.0,0.0,0.0,0.0,0.0,0.0,0.0,0.0,0.0,0.0,0.0,0.0,0.0
Cuba,28,. .,. .,. .,. .,. .,. .,. .,. .,. .,. .,. .,. .,. .,. .,. .,. .,. .,. .,. .,. .,. .,. .,. .,. .,. .,. .,. .,. .,. .,. .,. .,. .,. .,. .,. .,. .,. .,. .,. .,. .,. .,. .,. .,. .,. .,. .,. .,. .,. .,. .,. .,. .,. .,. .,296.9,62.0,78.6,76.6,83.4,89.1,92.5,94.3,93.7,126.9,119.4,125.6,118.4,123.7,. .
Dominican Rep.,,. .,. .,. .,. .,. .,. .,. .,. .,. .,39.6,. .,38.3,36.3,38.0,39.0,42.5,40.2,37.2,35.8,37.3,35.6,35.9,36.6,39.5,42.0,57.6,65.9,76.2,86.5,103.0,120.0,105.0,125.0,126.0,126.0,139.0,61.0,82.3,59.3,47.3,53.5,47.8,33.9,63.1,96.0,101.0,84.4,107.0,150.7,159.1,175.0,246.8,305.9,271.7,155.8,152.9,272.2,259.2,274.8,333.5,320.9,354.9,348.6,396.2,383.4,437.6,458.0,479.7,495.6
El Salvador,29,. .,. .,. .,. .,4.4,. .,. .,5.0,5.5,5.4,4.5,4.4,4.4,6.2,6.1,5.7,6.5,6.6,6.8,6.6,7.5,7.1,8.5,11.1,12.5,13.4,15.7,20.5,28.6,35.0,54.6,62.1,78.4,94.4,124.5,235.9,250.4,163.3,176.9,179.0,213.0,163.9,145.1,134.2,116.5,109.3,111.6,110.8,112.2,110.8,114.7,110.4,150.7,161.7,126.6,128.0,132.9,142.1,165.6,173.0,189.9,201.0,220.7,224.3,237.5,233.4,248.0,247.1,246.8
Guatemala,,. .,. .,. .,. .,. .,. .,10.7,11.4,12.2,12.1,13.1,12.1,12.1,12.0,14.8,13.0,18.6,19.1,21.2,20.4,17.6,32.3,22.2,24.0,23.4,28.4,44.9,55.5,75.2,71.7,90.2,103.8,162.6,176.6,184.3,207.5,224.4,140.9,124.0,146.6,151.6,132.2,119.3,153.8,144.4,153.0,158.3,141.4,132.1,139.8,123.8,157.8,196.8,158.4,178.8,114.9,104.5,130.5,135.9,166.5,147.4,169.8,197.4,224.4,249.8,245.7,252.5,290.9,283.8
Haiti,30,. .,. .,. .,. .,. .,. .,. .,. .,. .,. .,. .,. .,. .,. .,. .,. .,. .,. .,. .,. .,. .,. .,. .,. .,. .,. .,. .,. .,. .,. .,. .,. .,. .,. .,. .,. .,. .,. .,. .,2.0,2.2,2.7,2.6,1.7,1.6,1.6,2.5,. .,. .,. .,. .,. .,. .,. .,. .,. .,. .,. .,. .,. .,. .,. .,. .,. .,0.1,0.1,0.1,0.1,0.1
Honduras,31,. .,. .,2.3,2.3,2.6,2.5,3.0,3.2,4.9,5.5,5.0,3.9,3.8,3.8,3.8,5.9,6.3,6.5,6.8,7.1,7.2,9.9,11.4,15.4,16.0,16.9,21.4,23.7,31.8,43.1,49.6,57.0,60.5,67.0,70.0,81.0,94.0,105.5,122.5,132.0,138.0,67.1,47.4,. .,40.6,. .,. .,. .,. .,. .,. .,52.5,63.0,63.6,82.2,60.6,62.6,75.6,95.9,132.4,156.8,170.2,200.4,212.3,284.8,315.4,328.3,355.0,363.6
Jamaica,,xxx,xxx,xxx,xxx,xxx,xxx,xxx,xxx,xxx,xxx,xxx,xxx,xxx,. .,. .,. .,. .,. .,. .,. .,. .,. .,. .,. .,. .,. .,. .,27.4,30.6,. .,. .,. .,44.9,53.6,50.2,25.2,18.7,23.5,25.3,30.9,40.9,38.6,31.9,47.2,44.5,34.2,35.3,41.8,54.9,47.6,45.1,43.6,46.4,56.9,54.8,54.5,59.3,72.6,83.5,130.7,114.8,115.6,133.6,137.6,128.4,121.3,123.9,137.6,130.9
Mexico,,34.8,41.0,46.8,49.5,55.3,50.6,55.5,59.4,67.8,70.7,71.0,84.0,86.4,99.2,112.0,120.0,119.2,130.4,133.6,148.8,180.0,176.8,191.2,242.4,300.8,407.2,504.8,531.6,437.7,518.3,679.7,810.4,1284.9,858.1,778.6,1155.9,1241.9,817.3,813.4,981.9,1153.4,1327.2,1599.5,2000.1,2327.3,2888.8,1712.9,2064.0,2394.2,2480.9,2908.1,3323.1,3540.2,3479.5,3245.3,3129.0,3621.5,4082.5,4779.8,4939.7,4855.5,5897.2,6471.4,6978.8,7837.6,8663.4,7739.5,6019.8,5781.4
Nicaragua,32,. .,. .,. .,. .,. .,. .,. .,. .,. .,. .,. .,. .,. .,. .,. .,. .,. .,. .,. .,6.9,7.0,8.3,8.4,11.0,10.4,15.0,18.5,25.2,35.2,44.5,32.3,47.2,71.9,. .,. .,. .,. .,. .,. .,. .,. .,1142.5,67.7,47.2,40.2,35.4,35.1,31.5,30.3,26.3,26.9,30.8,28.2,34.8,35.3,32.6,34.1,37.3,39.5,42.7,41.7,44.3,51.5,70.1,74.5,81.4,98.9,85.1,83.9
Panama,33,. .,. .,. .,. .,. .,. .,. .,. .,. .,. .,. .,. .,. .,. .,. .,. .,. .,. .,. .,. .,. .,. .,. .,. .,. .,. .,. .,. .,. .,. .,. .,. .,. .,. .,. .,. .,. .,. .,103.8,102.9,101.9,73.1,78.6,78.8,95.2,101.0,96.6,101.2,118.0,104.0,111.6,0.0,0.0,0.0,0.0,0.0,0.0,0.0,0.0,0.0,0.0,0.0,0.0,0.0,0.0,0.0,0.0,0.0,0.0
Trinidad & Tobago,,xxx,xxx,xxx,xxx,xxx,xxx,xxx,xxx,xxx,xxx,xxx,xxx,xxx,. .,. .,. .,. .,. .,. .,5.1,5.3,6.2,8.6,9.1,8.9,8.6,10.7,12.6,15.4,18.3,27.2,36.9,35.2,. .,. .,. .,. .,. .,. .,. .,. .,. .,. .,. .,22.6,24.2,. .,. .,. .,. .,. .,. .,13.9,19.5,33.7,75.9,97.8,115.6,124.8,139.1,138.5,143.1,146.1,168.8,211.2,188.9,202.1,215.2,201.9
North America,,,,,,,,,,,,,,,,,,,,,,,,,,,,,,,,,,,,,,,,,,,,,,,,,,,,,,,,,,,,,,,,,,,,,,
Canada,,. .,426.3,986.5,1748.0,1979.9,1871.3,1832.7,1901.2,1922.9,1815.6,1737.5,1702.4,1677.8,1671.3,1610.1,1657.5,1574.7,1614.4,1775.5,1797.3,1770.1,1889.2,2077.7,2233.7,2363.1,2809.5,3180.9,3581.8,3752.2,3969.2,4084.1,4744.4,5141.1,6017.3,6947.1,7349.8,7460.6,7780.1,8694.4,9897.3,10747.1,11414.6,11338.5,10788.8,10268.8,9577.4,9176.9,8615.9,7945.1,7748.6,8210.8,8299.4,8375.6,8495.4,9958.2,11336.5,12988.1,14809.9,17417.1,19342.1,18936.2,19315.7,21393.7,20452.1,18515.7,17853.7,17949.1,18132.3,20567.0
USA,34,13503.0,14307.0,33059.0,47598.0,49377.0,42786.0,40371.0,41513.0,44159.0,45096.0,45833.0,45380.0,47808.0,52381.0,52295.0,51213.0,51827.0,63572.0,75448.0,80732.0,81443.0,79846.0,74862.0,77639.0,78358.0,85906.0,88400.0,91013.0,100925.0,109247.0,122279.0,138191.0,169888.0,213626.0,213626.0,231459.0,258165.0,281105.0,288157.0,293093.0,304085.0,306170.0,280292.0,305141.0,297637.0,288059.0,278856.0,271417.0,276325.0,274278.0,280969.0,301697.0,312743.0,356720.0,415223.0,464676.0,503353.0,527660.0,556961.0,621131.0,668567.0,698180.0,711338.0,684780.0,639704.0,609914.0,596104.6,600106.4,609758.0
,,,,,,,,,,,,,,,,,,,,,,,,,,,,,,,,,,,,,,,,,,,,,,,,,,,,,,,,,,,,,,,,,,,,,,
Argentina,35,. .,. .,. .,. .,. .,. .,. .,. .,. .,. .,. .,. .,. .,305.2,242.2,245.7,252.4,279.2,251.9,337.1,442.9,445.7,519.7,766.0,1294.0,1626.0,798.4,2050.2,2058.2,3104.0,5057.1,6477.4,5882.8,2279.9,2848.1,2527.7,2027.2,2449.5,2485.7,2696.3,1440.9,2050.9,2858.8,3254.5,3368.6,3754.7,3802.0,3379.1,3340.7,3398.7,3461.7,3266.6,3183.6,1114.2,1374.9,1465.8,1699.6,1847.6,2296.4,2789.0,2981.9,3475.3,4051.9,4563.2,5138.0,4979.4,5482.6,4509.6,5680.7
Bolivia,36,. .,. .,. .,. .,9.1,. .,25.0,1.3,2.9,. .,. .,. .,4.9,5.2,6.4,. .,. .,. .,. .,11.6,12.3,16.8,15.9,20.7,21.1,39.8,58.3,66.8,73.3,97.7,119.7,159.0,238.7,123.7,90.0,144.7,131.2,92.9,103.4,92.9,101.7,137.1,143.6,141.4,109.9,134.6,140.8,147.0,180.2,228.7,176.7,173.2,184.4,160.4,173.4,168.9,169.3,179.5,221.3,327.2,345.8,327.4,403.6,499.9,564.4,625.9,575.5,552.4,656.8
Brazil,,. .,. .,. .,. .,343.9,. .,. .,. .,605.4,411.2,383.0,382.7,342.3,387.4,442.0,354.2,632.9,718.2,746.1,755.3,816.6,1026.2,1075.1,1195.5,1512.7,1790.1,2141.1,2576.5,2499.6,2690.6,2829.2,2259.3,2517.9,3031.3,2082.7,2013.2,2687.0,2758.2,4323.7,5874.2,8761.5,9236.3,6694.7,4993.8,7099.9,10591.5,14318.9,14073.2,13934.3,14357.4,9867.0,11344.0,10930.2,9664.6,8392.9,9780.1,13588.6,16404.9,20485.8,24452.9,25648.8,34002.9,36936.2,33987.0,32874.8,32659.6,24617.7,24224.7,29283.5
Chile,§ 37,. .,87.5,107.1,109.7,136.6,102.2,142.0,136.9,117.0,115.0,91.1,126.8,160.9,162.6,152.9,150.0,168.2,186.7,182.7,173.8,180.0,388.4,651.6,745.7,1005.9,1103.2,486.7,599.8,924.0,1036.1,1312.9,1787.2,2292.3,2160.7,1497.7,1462.3,1137.6,1114.4,1166.8,1000.0,988.9,1031.5,1038.0,1168.9,1291.1,1466.0,1828.0,1904.1,2120.7,2112.4,2043.1,2103.5,1893.1,1779.6,2068.0,2687.3,3100.4,3855.4,4022.5,4641.9,3902.2,4894.1,5686.8,5466.1,5529.9,5102.8,4630.8,4796.0,5135.5
Colombia,38,. .,. .,. .,. .,. .,. .,. .,. .,. .,76.1,67.7,76.0,97.3,153.6,170.0,190.0,185.2,172.6,178.5,141.2,131.6,162.7,263.9,170.6,173.9,194.9,227.9,229.1,280.1,360.7,467.7,611.2,638.6,667.9,859.8,889.7,716.7,679.5,721.3,862.4,865.2,890.0,911.5,1102.4,1529.4,2005.1,2619.3,4318.6,2988.7,3389.8,3247.3,3027.9,3264.4,3347.5,3278.4,4056.9,4914.2,5326.7,6775.8,9051.1,9033.2,10422.1,10306.6,11706.3,12503.8,11846.0,9127.2,8676.0,9713.8
Ecuador,39,. .,. .,. .,. .,12.1,. .,. .,. .,19.3,18.8,16.5,22.4,18.7,18.3,17.1,20.6,23.8,22.9,25.3,29.3,39.7,30.7,29.7,37.3,49.2,74.8,102.0,117.0,205.0,164.0,186.0,209.0,234.0,229.0,200.0,193.0,284.0,207.0,207.0,198.0,189.0,202.0,209.0,211.0,276.0,291.0,475.0,419.0,499.0,549.0,296.0,266.0,384.0,505.0,739.0,710.0,954.0,950.0,1310.0,1646.0,1949.0,2094.0,2453.7,2589.8,2735.8,2786.5,2597.5,2513.2,2427.2
Guyana,‡ 40,xxx,xxx,xxx,xxx,xxx,xxx,xxx,xxx,xxx,xxx,xxx,xxx,xxx,xxx,xxx,xxx,xxx,. .,. .,. .,. .,. .,. .,. .,5.0,11.1,32.4,34.0,24.3,17.3,17.2,21.9,22.4,24.7,22.1,20.7,39.0,27.8,10.6,11.0,6.0,3.6,2.0,3.6,4.4,5.5,5.7,5.6,. .,. .,. .,12.6,14.4,16.7,16.3,22.1,18.5,19.2,25.0,30.5,31.1,31.1,32.4,33.5,35.2,39.3,46.4,50.9,57.3
Paraguay,41,. .,. .,. .,. .,. .,. .,. .,. .,. .,. .,. .,7.1,7.2,8.3,9.2,9.8,11.7,13.6,14.9,16.6,17.9,19.3,20.8,28.9,30.9,31.4,43.5,46.8,55.5,69.5,63.5,89.3,131.9,208.0,221.2,173.0,158.4,191.4,116.9,178.4,98.1,112.2,197.6,169.6,157.9,161.1,206.9,202.0,168.0,139.3,116.6,110.2,91.3,69.9,63.5,84.5,77.5,106.6,132.4,168.2,168.5,204.6,285.1,320.9,371.2,398.4,386.5,343.2,348.2
Peru,42,23.9,28.7,35.7,35.7,31.6,35.5,41.6,49.6,51.8,44.8,42.3,49.1,63.0,66.4,97.3,120.4,132.7,145.0,244.0,113.2,128.9,218.1,247.3,276.5,364.3,454.8,710.9,778.4,1031.6,665.2,520.7,948.6,994.5,1268.7,927.2,666.3,667.0,867.5,1455.2,736.6,862.7,777.1,697.7,904.6,956.6,1111.2,1413.5,1396.5,1178.8,1141.8,992.2,912.0,904.2,839.6,891.3,922.0,1203.0,1291.1,1332.7,1503.7,1848.6,2178.9,2355.2,2858.0,3305.5,3217.6,3312.2,2536.1,2085.6
Uruguay,,. .,. .,. .,. .,. .,. .,. .,. .,. .,. .,. .,. .,. .,. .,. .,. .,. .,. .,. .,. .,. .,. .,. .,51.4,112.5,187.6,156.5,133.2,160.5,185.9,279.4,477.3,709.7,599.1,274.6,221.9,203.6,242.3,223.9,260.0,297.8,328.4,268.6,367.0,418.9,450.4,523.9,575.7,575.2,573.2,574.3,556.0,523.0,344.3,269.5,279.3,347.3,392.8,416.0,567.7,577.1,755.7,824.8,924.6,1045.1,1034.5,969.9,988.2,1241.7
Venezuela,43,. .,. .,. .,. .,. .,. .,142.9,173.4,228.9,251.9,225.7,234.4,114.6,203.9,245.4,200.5,227.3,238.6,270.5,272.7,263.6,272.7,352.3,404.7,420.9,602.3,711.6,593.0,748.8,827.9,925.6,1002.3,1009.3,1523.3,2007.0,1325.4,820.0,1004.5,765.5,1096.6,1196.3,737.9,983.7,992.9,1288.0,939.7,1198.8,733.2,1541.0,1451.0,1408.1,1788.3,1911.4,1071.4,987.9,1448.7,2665.4,3630.1,4351.6,5660.5,4055.4,3.0,3577.5,5114.8,6199.7,1554.7,320.5,218.2,464.8
Asia & Oceania,,,,,,,,,,,,,,,,,,,,,,,,,,,,,,,,,,,,,,,,,,,,,,,,,,,,,,,,,,,,,,,,,,,,,,
Central Asia,,,,,,,,,,,,,,,,,,,,,,,,,,,,,,,,,,,,,,,,,,,,,,,,,,,,,,,,,,,,,,,,,,,,,,
Kazakhstan,† 44,xxx,xxx,xxx,xxx,xxx,xxx,xxx,xxx,xxx,xxx,xxx,xxx,xxx,xxx,xxx,xxx,xxx,xxx,xxx,xxx,xxx,xxx,xxx,xxx,xxx,xxx,xxx,xxx,xxx,xxx,xxx,xxx,xxx,xxx,xxx,xxx,xxx,xxx,xxx,xxx,xxx,xxx,xxx,. .,. .,106.9,177.7,241.8,236.8,242.6,143.9,143.5,221.5,246.0,317.6,426.4,592.0,793.0,1359.8,1540.8,1271.9,1501.8,1804.0,2177.5,2551.1,2306.5,2046.2,1281.1,1336.9
Kyrgyzstan,45,xxx,xxx,xxx,xxx,xxx,xxx,xxx,xxx,xxx,xxx,xxx,xxx,xxx,xxx,xxx,xxx,xxx,xxx,xxx,xxx,xxx,xxx,xxx,xxx,xxx,xxx,xxx,xxx,xxx,xxx,xxx,xxx,xxx,xxx,xxx,xxx,xxx,xxx,xxx,xxx,xxx,xxx,xxx,. .,. .,28.7,51.6,54.6,55.0,43.8,32.5,39.4,35.8,43.8,55.1,63.0,75.7,89.8,116.3,149.3,149.0,184.4,210.6,211.9,234.4,252.1,230.5,227.8,222.8
Tajikistan,,xxx,xxx,xxx,xxx,xxx,xxx,xxx,xxx,xxx,xxx,xxx,xxx,xxx,xxx,xxx,xxx,xxx,xxx,xxx,xxx,xxx,xxx,xxx,xxx,xxx,xxx,xxx,xxx,xxx,xxx,xxx,xxx,xxx,xxx,xxx,xxx,xxx,xxx,xxx,xxx,xxx,xxx,xxx,1.0,23.5,14.2,5.8,13.5,19.1,22.6,15.1,10.4,12.5,25.6,34.8,45.1,. .,. .,. .,52.5,47.5,53.8,71.3,76.3,. .,104.3,95.8,. .,. .
Turkmenistan,46,xxx,xxx,xxx,xxx,xxx,xxx,xxx,xxx,xxx,xxx,xxx,xxx,xxx,xxx,xxx,xxx,xxx,xxx,xxx,xxx,xxx,xxx,xxx,xxx,xxx,xxx,xxx,xxx,xxx,xxx,xxx,xxx,xxx,xxx,xxx,xxx,xxx,xxx,xxx,xxx,xxx,xxx,xxx,. .,. .,79.6,135.6,48.5,106.2,87.5,111.9,. .,. .,. .,. .,. .,. .,. .,. .,. .,. .,. .,. .,. .,. .,. .,. .,. .,. .
Uzbekistan,47,xxx,xxx,xxx,xxx,xxx,xxx,xxx,xxx,xxx,xxx,xxx,xxx,xxx,xxx,xxx,xxx,xxx,xxx,xxx,xxx,xxx,xxx,xxx,xxx,xxx,xxx,xxx,xxx,xxx,xxx,xxx,xxx,xxx,xxx,xxx,xxx,xxx,xxx,xxx,xxx,xxx,xxx,xxx,. .,. .,86.9,112.7,172.2,217.7,. .,250.1,115.4,59.8,45.9,54.1,. .,. .,. .,. .,. .,. .,. .,. .,. .,. .,. .,. .,. .,. .
East Asia,,,,,,,,,,,,,,,,,,,,,,,,,,,,,,,,,,,,,,,,,,,,,,,,,,,,,,,,,,,,,,,,,,,,,,
"China, P.R.",48,. .,. .,. .,. .,. .,. .,. .,. .,. .,. .,. .,. .,. .,. .,. .,. .,. .,. .,. .,. .,. .,. .,. .,. .,. .,. .,. .,. .,. .,. .,. .,. .,. .,. .,. .,. .,. .,. .,. .,. .,11403.5,10085.1,9953.6,12420.3,12577.2,10050.6,12606.2,14563.2,16104.9,17528.0,21027.3,22929.8,27875.4,32137.7,35126.3,40352.7,45918.9,55337.5,68011.6,86362.1,105644.2,115711.8,137967.3,157390.4,179880.5,200772.2,214093.1,216031.3,228230.7
Japan,† 49,. .,. .,. .,356.5,395.8,475.0,488.9,456.9,451.4,459.0,463.2,480.6,492.4,538.2,629.9,718.1,821.4,932.4,1039.0,1168.2,1335.4,1575.3,1896.5,2567.5,3374.6,3962.2,4534.9,5008.4,6157.3,8657.1,9173.6,9711.7,10851.2,10193.9,11429.3,12225.1,13087.8,19457.3,23642.3,28216.1,27966.4,28800.5,32785.4,35999.1,41353.9,45285.6,49961.7,44047.1,40634.8,37849.0,43122.9,45509.7,40758.0,39333.7,42486.2,45339.8,44300.6,41552.6,40530.0,46361.5,51465.2,54655.5,60762.2,60011.5,49023.9,46881.2,42106.1,46471.3,45387.0
"Korea, North",50,. .,. .,. .,. .,. .,. .,. .,. .,. .,. .,. .,. .,. .,. .,. .,. .,. .,. .,. .,. .,. .,. .,. .,. .,. .,. .,. .,. .,. .,. .,. .,. .,. .,. .,. .,. .,. .,. .,. .,. .,. .,. .,. .,. .,. .,. .,. .,. .,. .,. .,. .,. .,. .,. .,. .,. .,. .,. .,. .,. .,. .,. .,. .,. .,. .,. .,. .,. .,. .
"Korea, South",51,. .,108.4,. .,64.8,62.2,213.3,141.2,250.0,266.0,302.0,330.0,275.6,157.1,186.2,185.4,137.5,132.1,176.9,218.1,278.7,347.0,386.4,460.9,532.0,544.8,853.0,1031.0,1708.7,2237.6,3190.1,3543.4,3980.7,4463.8,4646.5,4714.2,4759.4,4883.8,5325.3,6040.8,7732.4,9469.0,10110.7,10956.5,11614.7,12377.4,13519.3,16085.1,16408.7,14848.5,10458.0,12095.2,13801.1,12941.9,14101.7,15847.0,17829.9,22159.5,25177.2,27726.1,26072.4,24575.7,28175.2,30991.7,31951.8,34136.6,37552.3,36570.8,36934.4,39152.5
Mongolia,,. .,. .,. .,. .,. .,. .,. .,. .,. .,. .,. .,. .,. .,. .,. .,. .,. .,. .,. .,. .,. .,. .,. .,. .,. .,. .,. .,. .,. .,. .,. .,. .,. .,. .,. .,. .,. .,. .,. .,. .,. .,. .,110.8,33.0,14.1,16.4,21.3,21.6,18.7,19.9,18.0,24.3,23.1,25.3,24.3,27.7,29.8,39.2,56.6,66.7,37.6,54.9,87.2,113.6,103.5,105.1,101.7,96.4,82.8
Taiwan,,. .,. .,. .,. .,. .,. .,. .,. .,. .,. .,. .,. .,. .,. .,. .,. .,. .,. .,. .,. .,. .,. .,. .,. .,. .,. .,. .,. .,. .,. .,. .,. .,. .,. .,. .,. .,. .,. .,. .,7110.1,8142.2,8701.1,9304.5,10071.1,11653.5,11953.4,11470.2,11765.2,11325.1,9231.6,9568.9,8800.6,7982.2,7531.5,7472.8,7833.2,8011.3,7645.0,8157.2,8960.2,9122.8,9092.3,9998.2,10496.8,9964.3,9802.4,9803.3,9924.1,10568.7
South Asia,,,,,,,,,,,,,,,,,,,,,,,,,,,,,,,,,,,,,,,,,,,,,,,,,,,,,,,,,,,,,,,,,,,,,,
Afghanistan,52,. .,. .,. .,. .,. .,. .,. .,. .,. .,. .,. .,. .,. .,. .,. .,. .,. .,. .,. .,. .,. .,2.9,. .,. .,3.3,3.6,4.2,5.4,6.1,. .,. .,. .,. .,. .,. .,. .,. .,. .,. .,. .,. .,. .,. .,. .,. .,. .,. .,. .,. .,. .,. .,. .,. .,. .,. .,125.1,122.7,131.3,219.6,240.5,251.9,298.1,325.8,238.6,217.2,268.2,199.5,185.7,191.3
Bangladesh,53,. .,. .,. .,. .,. .,. .,. .,. .,. .,. .,. .,. .,. .,. .,. .,. .,. .,. .,. .,. .,. .,. .,. .,. .,48.6,72.3,80.8,105.3,128.5,134.9,136.3,167.3,174.1,184.7,231.8,244.3,224.9,248.8,288.3,332.0,378.8,373.0,381.7,427.7,471.0,547.4,620.1,639.0,681.9,701.6,737.4,740.8,705.5,681.8,719.4,770.6,773.7,829.7,953.5,1030.0,1258.8,1624.6,1801.5,1823.4,2048.0,2356.0,2815.3,3239.7,3594.0
India,54,. .,. .,. .,. .,. .,. .,. .,518.4,654.9,687.5,663.4,681.8,748.4,1065.4,1795.4,1986.7,2126.0,1661.2,1487.7,1586.9,1691.4,1833.0,2255.3,2497.2,2529.9,2895.4,3323.6,3294.9,3477.1,3975.8,4589.7,5420.8,5879.0,6302.1,6830.8,6956.7,7567.0,9539.4,10877.4,11346.4,10589.8,10537.0,8622.5,8083.2,8253.5,8880.6,9754.5,9904.7,11464.9,11920.6,13895.6,14287.5,14600.6,14749.7,16334.0,20238.6,23072.3,23951.9,28254.8,33002.4,38722.2,46090.4,49633.8,47216.9,47403.5,50914.1,51295.5,56637.6,63923.7
Nepal,¶,. .,. .,. .,. .,. .,. .,. .,. .,. .,. .,. .,. .,. .,. .,. .,. .,. .,. .,. .,. .,. .,5.2,5.9,6.5,7.2,8.4,10.5,11.9,13.2,14.9,17.3,20.1,22.0,25.5,29.1,29.2,30.5,31.1,33.9,35.8,36.3,37.9,35.4,37.6,37.0,39.3,39.8,39.5,42.6,42.3,47.5,51.4,64.7,85.4,102.9,130.7,159.3,157.2,169.6,187.1,209.7,255.0,284.5,256.7,281.0,328.1,323.8,321.6,386.0
Pakistan,‡ 55,. .,. .,249.7,287.4,251.1,216.6,204.4,169.4,153.4,164.6,187.4,208.8,210.1,200.3,219.7,257.9,439.6,549.7,478.3,492.6,552.7,635.3,739.4,478.2,477.6,609.2,771.2,833.2,913.6,1031.9,1181.8,1429.3,1737.4,1852.7,1986.0,2114.4,2144.0,2282.6,2500.2,2721.7,2580.1,2810.1,3067.1,3388.8,3308.8,3320.6,3665.9,3547.8,3320.2,3218.9,3080.8,2973.1,2842.0,3273.4,3722.8,4128.2,4587.1,4969.2,5342.6,5226.7,5274.6,5974.6,6954.8,7479.0,7645.5,8654.9,9483.5,9973.8,10774.5
Sri Lanka,56,. .,. .,2.5,3.2,4.4,7.0,6.4,7.7,10.7,15.5,16.8,16.7,17.1,15.8,13.9,13.9,14.5,15.3,15.7,14.3,15.9,21.0,32.3,30.3,25.1,28.4,30.5,23.7,28.1,21.9,28.1,30.8,27.7,26.0,46.0,55.8,188.9,172.7,226.7,165.5,125.7,187.0,277.4,326.8,354.8,437.0,763.7,767.1,698.8,733.4,631.0,822.1,675.0,571.7,541.7,619.3,644.2,791.5,1054.8,1511.4,1522.2,1532.0,1751.9,1474.9,1600.8,1914.6,2057.9,1741.5,1866.5
South-East Asia,,,,,,,,,,,,,,,,,,,,,,,,,,,,,,,,,,,,,,,,,,,,,,,,,,,,,,,,,,,,,,,,,,,,,,
Brunei,57,xxx,xxx,xxx,xxx,xxx,xxx,xxx,xxx,xxx,xxx,xxx,xxx,xxx,xxx,xxx,xxx,xxx,xxx,xxx,xxx,xxx,xxx,xxx,xxx,xxx,xxx,xxx,xxx,xxx,xxx,xxx,xxx,xxx,xxx,xxx,97.4,101.8,110.2,104.5,178.4,186.1,231.2,245.4,251.7,233.9,261.9,285.7,328.4,369.1,294.0,258.4,244.2,217.7,226.2,243.4,199.4,248.6,293.4,323.1,362.0,349.8,390.7,415.4,411.3,412.1,527.8,424.0,403.4,346.7
Cambodia,,xxx,xxx,xxx,xxx,. .,. .,. .,. .,. .,. .,. .,. .,. .,. .,. .,. .,. .,. .,. .,. .,. .,. .,. .,. .,. .,. .,. .,. .,. .,. .,. .,. .,. .,. .,. .,. .,. .,. .,. .,. .,. .,29.1,43.3,62.3,44.6,107.3,123.1,113.6,103.4,83.3,88.2,81.0,70.8,65.2,67.5,69.2,71.0,75.9,79.0,82.6,136.6,167.9,192.2,217.3,243.5,278.0,381.3,369.7,463.5
Indonesia,58,. .,. .,. .,. .,. .,. .,. .,. .,. .,. .,. .,. .,. .,. .,. .,. .,. .,. .,. .,. .,. .,. .,. .,. .,. .,698.2,1063.9,1275.3,1468.7,1627.7,1552.4,2114.5,2654.1,2741.1,2047.3,2002.3,1923.3,1734.6,1347.6,1356.7,1409.6,1614.0,1697.0,1887.6,1933.3,2239.7,2478.8,2874.8,3231.4,972.7,1135.1,1129.5,919.0,1369.9,2134.7,2428.9,2146.3,2611.9,3348.8,3232.2,3304.5,4663.4,5838.0,6531.1,8384.0,6929.3,7639.1,7385.4,8178.1
Laos,,. .,. .,. .,. .,. .,. .,. .,. .,. .,. .,. .,. .,. .,. .,. .,. .,. .,. .,35.5,35.5,36.1,38.0,39.1,20.3,21.2,. .,. .,. .,. .,. .,. .,. .,. .,. .,. .,. .,. .,. .,. .,. .,. .,. .,. .,102.3,107.6,116.1,103.7,78.4,67.1,33.4,15.4,13.7,12.6,11.4,11.0,11.5,12.0,13.4,14.8,16.3,14.0,15.4,19.0,20.3,22.7,. .,. .,. .,. .
Malaysia,59,xxx,xxx,xxx,xxx,xxx,xxx,xxx,xxx,62.7,65.0,55.5,51.3,42.5,43.8,60.8,84.6,118.6,148.6,143.4,148.3,143.7,199.6,228.0,251.1,296.7,397.2,440.7,439.9,637.9,607.1,778.6,1035.9,1446.5,1438.3,1342.4,1273.7,1076.9,894.1,1334.7,855.7,1019.3,1125.0,1572.0,1766.5,1923.4,2120.6,2444.1,2421.0,2089.1,1158.7,1663.3,1533.2,1934.5,2237.9,2881.6,2823.2,3120.3,3266.2,3970.5,4411.8,3964.8,3854.3,4692.5,4507.3,4915.7,4919.2,4532.1,4169.4,3494.8
Myanmar,60,. .,. .,32.1,46.7,64.9,77.6,71.0,75.0,79.4,85.4,86.3,89.5,85.6,90.7,100.3,97.9,107.2,105.5,102.0,104.6,114.4,122.8,127.8,117.2,152.5,160.0,138.9,155.1,169.3,183.4,190.9,202.1,205.3,195.4,192.2,188.7,196.8,231.8,203.7,255.3,550.2,814.0,942.7,1370.5,2061.8,2802.0,3932.1,4675.4,4780.5,5873.1,6950.1,9030.6,9464.4,11000.4,24189.1,29853.9,32954.3,. .,. .,. .,. .,. .,. .,2969.2,2367.0,2372.9,2552.4,2455.8,1708.5
Philippines,61,. .,. .,. .,. .,. .,. .,. .,. .,. .,117.8,120.5,123.8,128.7,82.9,94.2,93.6,93.1,109.6,129.5,153.8,189.2,155.1,161.3,196.3,301.2,521.5,. .,714.8,754.4,622.7,874.3,879.3,982.3,964.6,800.2,513.5,609.3,593.8,652.4,931.6,954.9,951.5,913.2,1078.8,1173.0,1392.2,1700.4,1879.3,1576.4,1225.6,1341.0,1303.1,1122.1,1199.1,1301.3,1243.2,1372.7,1607.3,2014.4,2270.9,2115.8,2438.2,2701.5,2898.7,3377.0,3103.1,3335.6,3721.6,4377.9
Singapore,,xxx,xxx,xxx,xxx,xxx,xxx,xxx,xxx,xxx,xxx,xxx,xxx,xxx,xxx,xxx,xxx,. .,. .,. .,. .,. .,103.6,128.1,150.0,198.9,225.9,269.2,306.3,380.5,418.9,452.2,560.1,681.0,738.3,732.9,918.6,1049.6,1021.2,1052.4,1205.9,1410.5,1801.9,2022.8,2332.1,2481.4,2797.2,3672.8,4100.2,4457.3,4466.3,4493.2,4330.7,4309.1,4528.1,4723.7,5043.4,5463.8,5830.5,6518.5,7454.3,7537.8,8108.9,8922.3,9171.9,9345.7,9596.6,9383.8,9881.5,10198.4
Thailand,,. .,. .,. .,. .,. .,. .,. .,. .,75.6,70.2,68.0,62.8,58.7,80.3,85.5,87.2,94.3,105.5,126.3,154.6,184.9,217.2,262.7,284.1,312.4,363.9,416.0,531.9,688.7,942.0,1199.0,1373.2,1415.9,1507.6,1583.0,1698.8,1629.6,1635.7,1698.7,1809.0,1939.7,2214.0,2598.3,2961.8,3156.3,3611.1,3849.0,3938.0,3264.8,2110.2,2056.8,1881.0,1724.8,1813.0,1891.5,1866.9,1984.5,2441.9,3522.6,4466.0,4799.7,4962.4,5513.0,5491.9,5901.3,5729.8,5724.8,5876.3,6334.5
Timor Leste,62,xxx,xxx,xxx,xxx,xxx,xxx,xxx,xxx,xxx,xxx,xxx,xxx,xxx,xxx,xxx,xxx,xxx,xxx,xxx,xxx,xxx,xxx,xxx,xxx,xxx,xxx,xxx,xxx,xxx,xxx,xxx,xxx,xxx,xxx,xxx,xxx,xxx,xxx,xxx,xxx,xxx,xxx,xxx,xxx,xxx,xxx,xxx,xxx,xxx,xxx,xxx,xxx,xxx,. .,. .,. .,8.2,17.1,23.7,23.7,36.5,26.4,20.5,33.4,31.7,29.6,37.0,26.2,25.4
Viet Nam,63,xxx,xxx,xxx,xxx,xxx,xxx,xxx,xxx,xxx,xxx,xxx,xxx,xxx,xxx,xxx,xxx,xxx,xxx,xxx,xxx,xxx,xxx,xxx,xxx,xxx,xxx,. .,. .,. .,. .,. .,. .,. .,. .,. .,. .,. .,. .,1315.6,1305.8,458.6,512.0,427.6,333.0,297.7,431.3,. .,. .,. .,. .,. .,. .,. .,. .,841.9,915.1,1026.4,1286.5,1784.2,2137.6,2401.5,2672.3,2686.5,3360.9,3727.2,4255.7,4562.6,5017.4,5073.9
Oceania,,,,,,,,,,,,,,,,,,,,,,,,,,,,,,,,,,,,,,,,,,,,,,,,,,,,,,,,,,,,,,,,,,,,,,
Australia,,. .,170.8,294.0,440.2,462.0,417.2,432.3,445.2,437.9,439.6,450.2,459.8,471.0,489.4,553.3,655.8,787.4,986.7,1197.8,1321.6,1314.9,1277.4,1331.8,1484.4,1855.7,2127.3,2268.7,2441.1,2500.5,2816.3,3100.7,3657.9,4323.6,4459.5,4511.7,4925.3,4386.9,4606.7,5057.1,5836.3,6300.0,6704.2,7023.5,6882.1,6733.8,7459.7,7665.9,8202.8,7936.9,7107.5,7770.3,7273.8,7043.1,7946.8,9926.6,11995.2,13237.8,14239.8,17186.4,18633.1,18960.1,23217.7,26597.2,26216.6,24825.3,25783.7,24045.6,26382.9,27462.3
Fiji,† 64,xxx,xxx,xxx,xxx,xxx,xxx,xxx,xxx,xxx,xxx,xxx,xxx,xxx,xxx,xxx,xxx,xxx,xxx,xxx,xxx,xxx,0.4,0.5,0.8,0.9,1.4,2.1,2.8,3.7,7.2,9.6,10.4,11.4,14.9,15.1,15.6,14.0,14.6,25.1,24.7,29.1,30.5,32.5,30.5,32.0,33.7,34.7,32.9,31.0,22.6,23.8,32.0,32.8,30.9,37.3,46.8,43.1,54.1,75.6,53.6,51.3,50.4,60.8,59.2,58.1,46.1,42.4,45.2,45.9
New Zealand,,. .,. .,. .,. .,. .,. .,. .,90.4,89.0,91.8,97.9,101.2,96.7,96.3,100.0,123.4,127.0,148.2,149.6,135.5,147.6,171.9,180.8,206.2,246.3,291.4,292.3,271.7,307.4,388.6,436.9,676.9,660.4,608.8,567.6,530.3,529.2,691.1,925.8,961.8,959.6,1057.7,989.0,870.4,866.8,979.5,1146.4,1238.3,1180.9,969.4,970.3,858.4,796.6,865.8,1132.8,1285.2,1389.8,1464.0,1714.0,1661.2,1623.0,1930.7,2080.1,2094.9,2134.1,2274.1,1943.8,2093.4,2328.2
Papua New Guinea,‡ 65,xxx,xxx,xxx,xxx,xxx,xxx,xxx,xxx,xxx,xxx,xxx,xxx,xxx,xxx,xxx,xxx,xxx,xxx,xxx,xxx,xxx,xxx,xxx,xxx,xxx,xxx,7.9,22.0,22.3,27.4,30.2,38.8,38.2,. .,. .,. .,34.3,37.5,42.4,46.3,53.1,68.7,52.6,58.6,68.6,83.3,56.4,78.7,79.6,49.7,35.7,33.6,25.2,17.0,19.3,24.4,30.5,31.3,39.3,39.3,52.0,46.3,64.2,110.6,105.1,112.4,99.8,79.1,71.9
Europe,,,,,,,,,,,,,,,,,,,,,,,,,,,,,,,,,,,,,,,,,,,,,,,,,,,,,,,,,,,,,,,,,,,,,,
Central Europe,,,,,,,,,,,,,,,,,,,,,,,,,,,,,,,,,,,,,,,,,,,,,,,,,,,,,,,,,,,,,,,,,,,,,,
Albania,§ ¶ 66,. .,. .,. .,. .,. .,. .,. .,. .,. .,. .,. .,. .,. .,. .,. .,. .,. .,. .,. .,. .,. .,. .,. .,. .,. .,. .,. .,. .,. .,. .,. .,. .,. .,. .,. .,. .,. .,. .,. .,. .,. .,. .,. .,31.6,39.3,49.6,50.9,45.7,29.8,33.6,42.8,45.4,53.2,58.6,76.1,100.9,110.1,141.0,194.8,255.7,182.7,185.9,197.0,183.2,180.0,178.1,132.4,130.9,162.5
Bosnia-Herzegovina,† ¶ 67,xxx,xxx,xxx,xxx,xxx,xxx,xxx,xxx,xxx,xxx,xxx,xxx,xxx,xxx,xxx,xxx,xxx,xxx,xxx,xxx,xxx,xxx,xxx,xxx,xxx,xxx,xxx,xxx,xxx,xxx,xxx,xxx,xxx,xxx,xxx,xxx,xxx,xxx,xxx,xxx,xxx,xxx,xxx,. .,. .,. .,. .,. .,. .,. .,. .,. .,. .,241.0,202.3,200.1,173.3,178.4,195.0,233.3,242.5,219.9,211.9,197.3,197.6,190.4,162.2,164.5,164.6
Bulgaria,† 68,. .,. .,. .,. .,. .,. .,. .,. .,. .,. .,. .,. .,. .,. .,. .,. .,. .,. .,. .,. .,. .,. .,. .,. .,. .,. .,. .,. .,. .,. .,. .,. .,. .,. .,. .,. .,. .,. .,. .,. .,2071.4,794.5,232.2,255.8,282.7,242.0,311.1,213.6,244.4,320.4,357.2,351.3,406.0,456.0,569.1,650.7,699.4,751.0,1032.2,1038.1,963.3,893.5,829.0,807.5,899.6,835.7,660.8,755.4,866.7
Croatia,69,xxx,xxx,xxx,xxx,xxx,xxx,xxx,xxx,xxx,xxx,xxx,xxx,xxx,xxx,xxx,xxx,xxx,xxx,xxx,xxx,xxx,xxx,xxx,xxx,xxx,xxx,xxx,xxx,xxx,xxx,xxx,xxx,xxx,xxx,xxx,xxx,xxx,xxx,xxx,xxx,xxx,xxx,xxx,782.0,1168.9,1625.2,2060.4,1938.7,1797.2,1427.3,1035.9,659.8,629.5,733.7,709.4,730.9,799.2,849.4,978.9,1296.0,1129.1,1015.9,1106.5,955.3,957.0,906.6,753.5,702.0,771.9
Czech Rep.,70,xxx,xxx,xxx,xxx,xxx,xxx,xxx,xxx,xxx,xxx,xxx,xxx,xxx,xxx,xxx,xxx,xxx,xxx,xxx,xxx,xxx,xxx,xxx,xxx,xxx,xxx,xxx,xxx,xxx,xxx,xxx,xxx,xxx,xxx,xxx,xxx,xxx,xxx,xxx,xxx,xxx,xxx,xxx,xxx,815.6,938.3,1065.4,1123.9,988.3,1166.1,1205.9,1157.3,1182.5,1494.4,1885.7,2042.1,2439.5,2450.0,2707.7,2918.7,2718.6,2497.9,2474.3,2220.6,2148.8,2022.9,1779.9,1954.9,2232.5
Czechoslovakia,71,. .,. .,. .,. .,. .,. .,. .,. .,. .,. .,. .,. .,. .,. .,. .,. .,. .,. .,. .,. .,. .,. .,. .,. .,. .,. .,. .,. .,. .,. .,. .,. .,. .,. .,. .,. .,. .,. .,. .,. .,. .,2334.3,. .,. .,xxx,xxx,xxx,xxx,xxx,xxx,xxx,xxx,xxx,xxx,xxx,xxx,xxx,xxx,xxx,xxx,xxx,xxx,xxx,xxx,xxx,xxx,xxx,xxx,xxx
Estonia,72,xxx,xxx,xxx,xxx,xxx,xxx,xxx,xxx,xxx,xxx,xxx,xxx,xxx,xxx,xxx,xxx,xxx,xxx,xxx,xxx,xxx,xxx,xxx,xxx,xxx,xxx,xxx,xxx,xxx,xxx,xxx,xxx,xxx,xxx,xxx,xxx,xxx,xxx,xxx,xxx,xxx,xxx,xxx,. .,13.1,25.1,36.3,41.4,53.0,59.9,73.8,78.3,93.8,122.1,171.4,205.0,266.0,315.2,444.2,505.8,434.3,332.2,389.2,436.9,479.3,512.1,463.6,497.7,536.3
German DR,73,. .,. .,. .,. .,. .,. .,. .,. .,. .,. .,. .,. .,. .,. .,. .,. .,. .,. .,. .,. .,. .,. .,. .,. .,. .,. .,. .,. .,. .,. .,. .,. .,. .,. .,. .,. .,. .,. .,. .,. .,. .,xxx,xxx,xxx,xxx,xxx,xxx,xxx,xxx,xxx,xxx,xxx,xxx,xxx,xxx,xxx,xxx,xxx,xxx,xxx,xxx,xxx,xxx,xxx,xxx,xxx,xxx,xxx,xxx
Hungary,,. .,. .,. .,. .,. .,. .,. .,. .,. .,. .,. .,. .,. .,. .,. .,. .,. .,. .,. .,150.2,173.3,223.3,225.7,231.6,263.4,308.0,366.1,382.4,419.9,538.1,621.2,740.8,757.7,750.7,700.7,641.1,1025.6,765.8,823.9,1027.5,812.6,847.4,722.5,812.0,735.9,757.1,612.2,585.3,696.0,618.5,702.9,715.9,845.1,1079.2,1401.6,1532.6,1596.1,1410.1,1776.5,1867.9,1475.8,1350.8,1472.1,1322.3,1280.1,1209.8,1132.5,1288.7,1414.7
Kosovo,,xxx,xxx,xxx,xxx,xxx,xxx,xxx,xxx,xxx,xxx,xxx,xxx,xxx,xxx,xxx,xxx,xxx,xxx,xxx,xxx,xxx,xxx,xxx,xxx,xxx,xxx,xxx,xxx,xxx,xxx,xxx,xxx,xxx,xxx,xxx,xxx,xxx,xxx,xxx,xxx,xxx,xxx,xxx,xxx,xxx,xxx,xxx,xxx,xxx,xxx,xxx,xxx,xxx,xxx,xxx,xxx,xxx,xxx,xxx,0.9,27.2,38.6,51.0,43.4,48.6,53.6,50.0,51.9,57.3
Latvia,74,xxx,xxx,xxx,xxx,xxx,xxx,xxx,xxx,xxx,xxx,xxx,xxx,xxx,xxx,xxx,xxx,xxx,xxx,xxx,xxx,xxx,xxx,xxx,xxx,xxx,xxx,xxx,xxx,xxx,xxx,xxx,xxx,xxx,xxx,xxx,xxx,xxx,xxx,xxx,xxx,xxx,xxx,xxx,. .,17.7,33.9,43.6,38.2,38.0,42.2,56.6,70.0,87.0,147.2,189.1,229.4,272.6,367.8,481.5,581.8,363.8,259.7,296.8,255.7,283.6,295.7,282.7,406.9,513.7
Lithuania,,xxx,xxx,xxx,xxx,xxx,xxx,xxx,xxx,xxx,xxx,xxx,xxx,xxx,xxx,xxx,xxx,xxx,xxx,xxx,xxx,xxx,xxx,xxx,xxx,xxx,xxx,xxx,xxx,xxx,xxx,xxx,xxx,xxx,xxx,xxx,xxx,xxx,xxx,xxx,xxx,xxx,xxx,xxx,. .,20.8,21.1,30.5,42.3,75.6,138.2,106.5,140.4,166.9,181.5,210.8,270.8,303.8,351.6,442.0,541.4,404.8,326.3,344.6,328.6,354.9,426.9,471.2,636.1,811.8
"Macedonia, FYR",75,xxx,xxx,xxx,xxx,xxx,xxx,xxx,xxx,xxx,xxx,xxx,xxx,xxx,xxx,xxx,xxx,xxx,xxx,xxx,xxx,xxx,xxx,xxx,xxx,xxx,xxx,xxx,xxx,xxx,xxx,xxx,xxx,xxx,xxx,xxx,xxx,xxx,xxx,xxx,xxx,xxx,xxx,xxx,. .,. .,. .,. .,130.6,83.3,79.0,66.2,69.8,226.3,106.3,115.8,135.3,127.0,126.0,162.6,172.7,158.7,130.0,132.5,119.4,126.5,124.2,100.0,101.5,111.8
Montenegro,76,xxx,xxx,xxx,xxx,xxx,xxx,xxx,xxx,xxx,xxx,xxx,xxx,xxx,xxx,xxx,xxx,xxx,xxx,xxx,xxx,xxx,xxx,xxx,xxx,xxx,xxx,xxx,xxx,xxx,xxx,xxx,xxx,xxx,xxx,xxx,xxx,xxx,xxx,xxx,xxx,xxx,xxx,xxx,xxx,xxx,xxx,xxx,xxx,xxx,xxx,xxx,xxx,xxx,xxx,xxx,xxx,60.8,62.3,64.2,85.1,76.7,75.1,79.4,67.7,64.8,67.5,56.9,61.7,74.3
Poland,77,. .,. .,950.0,1525.0,2275.0,2475.0,2925.0,2900.0,2425.0,2700.0,3375.0,3550.0,4025.0,4375.0,4950.0,5200.0,5525.0,5975.0,6275.0,7225.0,7975.0,8525.0,9452.1,10054.3,12059.7,13162.7,14337.3,15572.3,17379.5,10292.6,1936.7,1506.2,1567.9,2122.0,2195.5,2313.7,2140.8,2173.6,1765.5,1783.8,1493.9,1540.7,1722.0,1881.9,2123.4,2251.9,2719.4,3083.4,3192.3,3491.0,3226.6,3146.1,3630.6,3776.2,4150.3,4778.6,5896.4,6619.4,8589.1,9349.4,7903.8,8790.2,9455.4,8986.8,9275.7,10345.2,10212.8,9164.2,10009.7
Romania,,. .,. .,. .,. .,. .,. .,. .,. .,833.5,785.5,752.5,740.8,794.7,902.0,904.8,949.2,1034.0,1076.0,1123.8,1255.8,1380.0,1542.0,1618.3,1824.6,545.4,565.5,635.5,691.5,717.0,834.4,860.0,755.6,915.3,989.3,888.3,731.2,2050.0,2307.9,2272.4,2524.4,2572.1,1739.0,1377.2,831.6,722.5,936.7,983.1,874.5,1074.8,1254.2,955.3,935.6,985.7,1056.1,1250.3,1530.2,1976.0,2251.5,2607.7,3000.4,2225.1,2086.2,2379.9,2102.9,2452.5,2691.5,2580.6,2644.2,4004.0
Serbia,78,xxx,xxx,xxx,xxx,xxx,xxx,xxx,xxx,xxx,xxx,xxx,xxx,xxx,xxx,xxx,xxx,xxx,xxx,xxx,xxx,xxx,xxx,xxx,xxx,xxx,xxx,xxx,xxx,xxx,xxx,xxx,xxx,xxx,xxx,xxx,xxx,xxx,xxx,xxx,xxx,xxx,xxx,xxx,. .,. .,. .,. .,. .,914.4,642.1,737.5,337.1,494.1,678.5,730.6,739.2,629.5,705.1,971.6,1111.6,974.3,872.3,987.0,853.6,919.8,913.4,724.2,710.4,731.1
Slovak Rep.,† ,xxx,xxx,xxx,xxx,xxx,xxx,xxx,xxx,xxx,xxx,xxx,xxx,xxx,xxx,xxx,xxx,xxx,xxx,xxx,xxx,xxx,xxx,xxx,xxx,xxx,xxx,xxx,xxx,xxx,xxx,xxx,xxx,xxx,xxx,xxx,xxx,xxx,xxx,xxx,xxx,xxx,xxx,xxx,xxx,266.9,300.0,629.6,641.6,499.5,397.6,327.2,342.3,394.0,440.1,624.5,711.3,823.3,911.4,1139.2,1411.7,1350.3,1137.7,1064.8,1020.2,967.9,997.7,985.9,1003.0,1126.5
Slovenia,,xxx,xxx,xxx,xxx,xxx,xxx,xxx,xxx,xxx,xxx,xxx,xxx,xxx,xxx,xxx,xxx,xxx,xxx,xxx,xxx,xxx,xxx,xxx,xxx,xxx,xxx,xxx,xxx,xxx,xxx,xxx,xxx,xxx,xxx,xxx,xxx,xxx,xxx,xxx,xxx,xxx,xxx,xxx,281.4,230.3,237.9,334.7,330.0,290.8,301.1,274.8,222.4,271.5,327.0,416.9,493.2,514.2,608.8,692.7,829.4,798.9,772.1,665.7,543.5,506.7,486.2,400.8,449.2,477.5
Yugoslavia (former),79,. .,. .,. .,. .,. .,. .,. .,. .,. .,. .,. .,. .,. .,. .,. .,. .,. .,. .,. .,. .,. .,. .,. .,. .,. .,. .,. .,. .,. .,. .,. .,. .,. .,. .,. .,. .,. .,. .,. .,. .,. .,. .,. .,xxx,xxx,xxx,xxx,xxx,xxx,xxx,xxx,xxx,xxx,xxx,xxx,xxx,xxx,xxx,xxx,xxx,xxx,xxx,xxx,xxx,xxx,xxx,xxx,xxx,xxx
Eastern Europe,,,,,,,,,,,,,,,,,,,,,,,,,,,,,,,,,,,,,,,,,,,,,,,,,,,,,,,,,,,,,,,,,,,,,,
Armenia,† 80,xxx,xxx,xxx,xxx,xxx,xxx,xxx,xxx,xxx,xxx,xxx,xxx,xxx,xxx,xxx,xxx,xxx,xxx,xxx,xxx,xxx,xxx,xxx,xxx,xxx,xxx,xxx,xxx,xxx,xxx,xxx,xxx,xxx,xxx,xxx,xxx,xxx,xxx,xxx,xxx,xxx,xxx,xxx,. .,9.8,. .,52.2,52.4,64.1,66.8,68.2,68.1,66.2,64.1,76.6,98.1,140.7,188.2,280.1,396.0,359.5,395.0,390.9,380.6,444.6,457.8,447.4,431.4,443.6
Azerbaijan,81,xxx,xxx,xxx,xxx,xxx,xxx,xxx,xxx,xxx,xxx,xxx,xxx,xxx,xxx,xxx,xxx,xxx,xxx,xxx,xxx,xxx,xxx,xxx,xxx,xxx,xxx,xxx,xxx,xxx,xxx,xxx,xxx,xxx,xxx,xxx,xxx,xxx,xxx,xxx,xxx,xxx,xxx,xxx,11.1,77.5,43.9,66.2,71.6,92.1,107.3,120.3,119.6,132.0,139.9,176.6,228.2,304.5,717.1,946.6,1607.8,1472.9,1476.6,3080.1,3246.1,3367.6,3427.2,2943.4,1397.0,1528.9
Belarus,,xxx,xxx,xxx,xxx,xxx,xxx,xxx,xxx,xxx,xxx,xxx,xxx,xxx,xxx,xxx,xxx,xxx,xxx,xxx,xxx,xxx,xxx,xxx,xxx,xxx,xxx,xxx,xxx,xxx,xxx,xxx,xxx,xxx,xxx,xxx,xxx,xxx,xxx,xxx,xxx,xxx,xxx,xxx,. .,. .,. .,179.1,182.8,249.4,227.6,165.9,140.3,177.7,204.4,231.6,314.3,452.7,631.8,746.9,883.0,675.4,767.7,756.3,817.1,971.1,1010.8,723.7,597.2,631.1
Georgia,† 82,xxx,xxx,xxx,xxx,xxx,xxx,xxx,xxx,xxx,xxx,xxx,xxx,xxx,xxx,xxx,xxx,xxx,xxx,xxx,xxx,xxx,xxx,xxx,xxx,xxx,xxx,xxx,xxx,xxx,xxx,xxx,xxx,xxx,xxx,xxx,xxx,xxx,xxx,xxx,xxx,xxx,xxx,xxx,. .,. .,. .,. .,67.7,44.0,41.1,25.9,18.8,23.8,34.0,42.6,70.4,214.1,404.2,931.8,1090.2,603.7,454.2,468.8,492.0,441.9,415.6,333.0,350.5,332.7
Moldova,† ¶ 83,xxx,xxx,xxx,xxx,xxx,xxx,xxx,xxx,xxx,xxx,xxx,xxx,xxx,xxx,xxx,xxx,xxx,xxx,xxx,xxx,xxx,xxx,xxx,xxx,xxx,xxx,xxx,xxx,xxx,xxx,xxx,xxx,xxx,xxx,xxx,xxx,xxx,xxx,xxx,xxx,xxx,xxx,xxx,. .,. .,. .,13.3,15.4,17.4,10.6,6.0,5.1,6.0,7.0,8.2,9.4,12.0,16.4,22.7,36.8,24.9,18.3,23.0,23.9,26.7,27.6,23.1,29.7,29.7
Russian Federation,84,xxx,xxx,xxx,xxx,xxx,xxx,xxx,xxx,xxx,xxx,xxx,xxx,xxx,xxx,xxx,xxx,xxx,xxx,xxx,xxx,xxx,xxx,xxx,xxx,xxx,xxx,xxx,xxx,xxx,xxx,xxx,xxx,xxx,xxx,xxx,xxx,xxx,xxx,xxx,xxx,xxx,xxx,xxx,. .,7766.7,13547.9,12741.6,15826.3,17577.4,7955.7,6469.0,9228.2,11683.2,13943.8,16973.7,20955.4,27337.0,34517.8,43535.0,56183.8,51532.1,58720.2,70237.5,81469.4,88352.9,84696.5,66418.7,69245.3,66335.0
Ukraine,§ 85,xxx,xxx,xxx,xxx,xxx,xxx,xxx,xxx,xxx,xxx,xxx,xxx,xxx,xxx,xxx,xxx,xxx,xxx,xxx,xxx,xxx,xxx,xxx,xxx,xxx,xxx,xxx,xxx,xxx,xxx,xxx,xxx,xxx,xxx,xxx,xxx,xxx,xxx,xxx,xxx,xxx,xxx,xxx,. .,152.2,919.0,1046.8,1464.9,2068.6,1405.2,941.8,1136.7,1088.6,1176.4,1428.0,1685.0,2405.5,2986.5,4096.0,4811.0,3452.5,3729.5,3684.7,4136.9,4386.5,4033.3,3616.9,3423.3,3647.6
USSR,84,. .,. .,. .,. .,. .,. .,. .,. .,. .,. .,. .,. .,. .,. .,. .,. .,. .,. .,. .,. .,. .,. .,. .,. .,. .,. .,. .,. .,. .,. .,. .,. .,. .,. .,. .,. .,. .,. .,225021.1,246011.0,218759.7,219114.1,. .,xxx,xxx,xxx,xxx,xxx,xxx,xxx,xxx,xxx,xxx,xxx,xxx,xxx,xxx,xxx,xxx,xxx,xxx,xxx,xxx,xxx,xxx,xxx,xxx,xxx,xxx
Western Europe,,,,,,,,,,,,,,,,,,,,,,,,,,,,,,,,,,,,,,,,,,,,,,,,,,,,,,,,,,,,,,,,,,,,,,
Austria,,. .,. .,. .,. .,. .,. .,. .,. .,82.6,95.8,95.8,91.6,91.0,100.0,126.0,164.6,142.9,167.8,176.8,182.1,193.2,199.5,209.3,249.4,328.9,422.5,546.7,581.4,686.9,877.5,1050.0,1152.9,969.4,995.4,992.0,949.7,1036.9,1475.4,1737.1,1714.0,1623.5,1972.7,1994.1,2139.9,2115.1,2227.6,2557.8,2457.9,2164.8,2159.8,2124.4,1925.6,1788.8,1881.7,2382.0,2679.3,2686.2,2640.2,3499.8,3746.7,3334.8,3218.4,3409.7,3187.2,3229.1,3305.2,2665.4,2885.9,2970.1
Belgium,,182.3,165.2,267.7,399.3,396.3,414.1,341.3,341.3,367.1,366.2,373.7,383.2,391.2,422.2,444.6,497.1,500.7,563.4,607.9,646.4,675.1,747.8,828.7,1026.6,1296.5,1482.3,1927.7,2109.6,2496.5,3166.6,3631.6,3958.6,3385.2,2891.8,2671.8,2407.4,2428.2,3404.3,4163.0,4097.1,3880.7,4644.3,4624.5,4131.3,3746.0,3944.1,4449.0,4241.9,3684.1,3664.3,3598.4,3190.8,3036.0,3147.1,3875.7,4262.7,4228.2,4307.9,5164.0,6295.8,5620.7,5244.7,5499.4,5169.0,5263.2,5191.5,4202.1,4314.1,4448.7
Cyprus,† ,xxx,xxx,xxx,xxx,xxx,xxx,xxx,xxx,xxx,xxx,xxx,. .,. .,. .,. .,. .,. .,. .,. .,. .,. .,. .,. .,. .,. .,. .,. .,. .,. .,. .,. .,. .,. .,. .,. .,. .,30.7,48.7,199.5,243.8,245.0,411.4,418.4,630.1,268.3,298.5,298.8,448.1,534.1,483.7,290.0,281.2,327.6,242.5,288.4,338.5,380.9,387.7,405.2,453.8,471.4,477.6,479.7,414.5,384.9,357.8,327.9,316.9,394.7
Denmark,,69.3,52.0,68.8,97.9,128.7,128.1,133.2,135.5,146.5,143.0,142.8,161.1,170.8,224.6,239.0,255.4,285.8,301.1,323.3,345.5,352.0,395.6,430.2,487.2,581.9,732.1,931.9,945.2,1063.1,1322.7,1529.2,1617.7,1446.1,1400.4,1375.0,1259.6,1259.3,1647.9,2141.3,2320.4,2183.7,2649.9,2671.9,2837.7,2682.0,2718.8,3118.0,3086.2,2804.3,2846.1,2784.9,2392.5,2525.2,2694.1,3199.2,3578.8,3468.5,3896.7,4175.7,4788.0,4337.4,4503.5,4518.6,4422.5,4216.6,4056.9,3364.0,3592.7,3794.8
Finland,,. .,. .,. .,. .,. .,. .,. .,. .,. .,69.1,82.5,89.6,105.4,154.4,128.6,139.9,149.6,152.9,146.7,150.1,140.3,152.9,177.6,220.8,277.0,308.8,433.2,417.0,461.9,506.9,642.6,873.5,790.9,844.9,905.2,826.1,911.3,1223.3,1462.2,1704.3,1766.6,2141.3,2201.0,2076.0,1615.4,1756.3,1909.0,2021.8,1947.0,1959.7,1653.9,1558.1,1479.3,1611.4,2475.1,2892.9,2999.4,3128.5,3296.6,3958.1,3940.6,3717.2,4099.5,3943.2,4161.1,3985.5,3399.1,3415.0,3597.1
France,86,1442.1,1598.8,2517.3,3580.0,3909.9,3346.0,3148.8,4199.7,4313.7,3947.4,3630.9,3881.2,4131.0,4493.3,4628.1,4918.0,5124.5,5414.6,5856.1,6129.9,5909.7,5882.4,6300.2,7531.2,9496.2,9954.6,13030.4,13304.3,15041.7,18873.1,22667.9,26427.2,23867.1,22522.7,21653.6,20212.3,20780.6,28454.9,34858.7,36105.0,35317.1,42589.9,42702.6,45123.1,42590.9,44392.5,47768.1,46403.4,41308.3,40041.1,38897.2,33814.3,33276.7,36403.9,45917.0,53007.0,52908.8,54516.1,60595.0,66009.4,66884.0,61781.7,64600.9,60035.2,62417.1,63613.6,55342.1,57358.4,57770.1
Germany,,. .,. .,. .,. .,1474.8,1496.7,1757.9,1716.9,2133.7,1631.7,2639.8,2884.5,3266.5,4308.2,4981.0,4888.2,4978.6,5063.6,5352.1,4827.5,5471.7,6167.3,7255.9,9006.8,11938.7,13773.7,15278.3,15457.2,17304.7,21417.0,24777.6,26692.6,23094.4,22349.5,22127.1,20124.9,19921.9,27690.8,34135.2,35096.8,33604.2,42318.8,39516.3,41965.8,37215.1,36330.3,41158.7,38989.9,33217.6,33146.5,32604.0,28150.0,27425.3,29333.2,35055.1,38007.6,38054.0,38092.4,42551.9,48081.4,47470.1,46255.5,48140.3,46470.9,45930.5,46102.7,39812.6,41579.5,44329.3
Greece,,324.7,131.4,174.3,177.0,105.0,114.3,122.9,164.6,149.2,149.0,157.8,170.3,167.8,170.0,179.5,188.2,209.7,239.0,313.0,366.8,425.4,473.6,516.0,573.7,674.8,1050.0,1433.2,1559.9,1838.8,2118.9,2424.3,2275.6,2578.4,2638.7,2195.5,1994.3,1927.1,1998.8,2399.2,2749.6,2560.3,3193.4,3146.9,3623.1,3364.4,3587.2,4179.9,4613.2,4573.5,4824.3,5012.3,4564.5,4428.1,4734.2,5035.6,6267.5,7028.4,7607.2,8533.1,10574.1,10641.3,8163.6,7128.6,5915.0,5655.2,5531.3,4818.1,4963.5,5093.8
Iceland,† 87,0.0,0.0,0.0,0.0,0.0,0.0,0.0,0.0,0.0,0.0,0.0,0.0,0.0,0.0,0.0,0.0,0.0,0.0,0.0,0.0,0.0,0.0,0.0,0.0,0.0,0.0,0.0,0.0,0.0,0.0,0.0,0.0,0.0,0.0,0.0,0.0,0.0,0.0,0.0,0.0,0.0,0.0,0.0,0.0,0.0,0.0,0.0,0.0,0.0,0.0,0.0,0.0,0.0,0.0,0.0,0.0,0.0,0.0,0.0,0.0,0.0,0.0,0.0,0.0,0.0,0.0,0.0,0.0,0.0
Ireland,,. .,. .,. .,. .,. .,. .,. .,. .,. .,23.0,24.1,25.8,27.6,29.2,30.2,36.1,39.1,38.3,39.7,37.1,41.6,51.0,63.5,84.0,98.3,111.2,154.4,152.8,171.7,217.5,290.1,362.5,327.0,342.0,310.3,284.3,301.5,409.1,435.4,453.5,434.2,594.0,624.9,674.0,597.7,633.7,702.0,751.0,765.3,742.4,741.5,694.7,767.8,811.3,965.2,1101.9,1145.0,1190.4,1372.2,1582.9,1415.7,1274.2,1300.3,1157.5,1195.8,1192.7,997.0,1001.6,1117.0
Italy,88,526.8,565.1,731.2,833.6,768.0,868.7,881.7,934.4,977.7,1035.5,1073.9,1137.9,1198.3,1377.7,1649.7,1788.8,1939.1,2147.2,2174.5,2244.8,2259.1,2499.2,2985.4,3708.4,4101.7,4385.6,4754.3,4333.9,5137.0,6246.9,7783.7,8924.1,8328.9,9089.7,9480.9,9353.0,9304.8,13463.1,17647.2,19620.8,19927.3,23376.1,24335.6,25002.4,20566.0,20363.5,19375.3,23442.1,22723.9,23478.2,23693.9,22411.2,22006.1,24363.1,30241.5,34116.2,33526.1,33408.1,35961.7,41243.6,38301.4,36032.3,38130.0,33732.8,33891.9,31572.4,25294.6,28205.8,29236.4
Luxembourg,89,2.5,3.4,5.3,8.7,9.8,11.3,12.3,7.9,8.8,8.6,8.0,5.3,5.8,7.1,7.0,9.3,9.5,9.9,8.2,7.5,7.8,8.3,9.0,11.7,15.4,18.2,22.7,25.5,28.7,36.6,42.4,52.4,46.2,41.4,41.2,38.7,38.1,53.5,73.2,86.0,76.0,96.7,107.7,123.2,108.1,126.0,142.3,141.5,134.1,143.1,140.8,128.2,160.3,153.4,198.6,234.7,243.7,247.1,286.1,236.7,223.0,274.1,257.0,237.5,258.7,279.0,276.1,260.7,317.9
Malta,† ,xxx,xxx,xxx,xxx,xxx,xxx,xxx,xxx,xxx,xxx,xxx,xxx,xxx,xxx,xxx,. .,. .,. .,. .,. .,. .,. .,. .,. .,. .,. .,. .,. .,. .,. .,. .,. .,. .,. .,. .,. .,12.9,16.5,23.1,22.4,21.3,21.2,21.7,26.7,24.6,27.9,31.1,33.3,31.1,29.1,28.0,25.4,27.1,28.4,34.1,40.5,52.5,44.4,49.3,56.0,59.1,58.7,55.9,49.9,53.8,56.5,51.8,59.7,63.5
Netherlands,,231.3,237.1,278.9,329.7,350.0,416.6,447.1,487.9,485.5,435.8,396.0,454.7,551.5,603.9,637.4,735.4,750.0,770.7,883.9,905.8,1017.2,1079.9,1249.4,1522.2,1917.1,2285.4,2814.5,2898.1,3704.8,4227.0,5038.0,5269.3,4527.1,4829.5,4256.6,3977.3,3884.2,5351.0,6542.9,6728.8,6399.2,7420.8,7246.2,7904.6,7054.9,7137.4,8011.5,7829.0,6839.1,6836.1,7026.4,5971.8,6200.4,6728.2,8356.3,9377.1,9567.0,10217.8,11480.4,12374.8,12131.8,11220.5,11647.9,10364.7,10226.3,10332.6,8667.8,9115.2,10048.7
Norway,,67.2,50.0,80.1,116.3,149.4,159.7,133.4,135.4,146.9,143.4,155.0,148.1,165.1,191.9,205.1,219.8,265.6,272.6,293.6,322.0,350.3,388.4,428.3,491.6,607.9,710.9,912.8,977.4,1114.7,1307.5,1453.8,1668.7,1649.6,1697.5,1698.8,1554.6,1796.6,2168.2,2753.4,2894.7,2932.6,3394.9,3287.6,3803.7,3175.6,3403.3,3508.0,3537.0,3253.0,3324.9,3309.2,2922.3,2966.0,4065.9,4517.5,4887.4,4884.9,5011.7,5875.3,6370.9,6195.6,6498.7,7232.3,7144.0,7391.8,7334.1,5815.2,5997.4,6568.1
Portugal,,54.4,52.7,54.0,58.8,68.7,73.0,78.0,79.9,83.2,86.4,98.1,105.2,171.2,199.8,199.1,224.4,232.4,257.2,333.0,371.9,374.9,436.1,518.3,593.1,682.7,988.2,778.7,623.4,576.9,622.6,702.0,867.8,843.5,803.0,692.9,628.5,653.6,935.8,1130.6,1347.8,1456.5,1875.1,2115.4,2532.6,2192.2,2173.6,2670.1,2600.8,2388.7,2335.6,2406.5,2204.3,2324.8,2602.2,3109.8,3719.4,4039.3,4066.8,4366.2,4812.1,4949.7,4718.9,4904.4,4137.3,4724.1,4111.5,3565.4,3569.1,3774.4
Spain,90,144.5,148.7,154.5,192.0,191.3,198.1,222.9,250.4,273.8,267.8,225.5,232.8,239.3,308.8,316.5,386.8,439.4,560.9,545.9,668.8,805.7,859.1,900.6,1256.2,1521.3,1968.2,2108.2,2521.0,2808.8,3470.7,4911.0,5508.4,4977.7,4956.2,4771.0,4851.9,5077.6,6270.6,7921.5,8900.4,9302.9,11695.0,11680.3,12250.2,10041.5,10092.7,11439.9,11294.3,9865.9,10333.4,11113.7,10273.8,10222.1,10270.8,12880.5,15262.5,15997.7,17252.2,20065.7,22227.7,20178.3,19710.8,19695.4,18860.6,17243.0,17178.5,15188.9,14014.4,16226.9
Sweden,91,. .,. .,. .,. .,. .,. .,. .,. .,. .,. .,. .,526.8,564.7,636.3,697.9,758.6,844.5,907.0,922.0,941.0,1017.3,1118.2,1238.8,1458.1,1702.2,1855.1,2232.3,2345.4,2560.3,2873.3,3368.1,3791.8,3490.2,2980.1,2629.0,2668.5,2795.3,3577.5,4469.6,4917.6,5033.0,6169.5,6219.5,6418.6,5011.2,5154.5,5729.8,6203.4,5203.2,5132.3,5148.7,4789.4,4128.0,4354.6,5305.6,5514.7,5518.5,5577.2,6386.2,6024.8,5063.0,5885.9,6324.7,6243.7,6528.7,6555.5,5387.1,5427.5,5559.5
Switzerland,† ¶ 92,. .,. .,. .,. .,. .,. .,. .,. .,201.5,218.6,210.6,200.1,237.4,273.7,295.0,329.5,343.5,378.2,383.3,373.9,409.1,436.1,511.4,601.4,765.0,888.5,1032.0,1228.2,1226.5,1668.9,1945.0,1996.8,1810.9,1928.3,1946.0,1807.9,1966.9,2565.4,3020.4,3276.2,3082.0,4056.4,4016.8,4138.0,3611.2,3899.3,4645.4,4239.4,3498.2,3494.3,3146.8,2800.1,2763.7,2882.7,3270.3,3503.8,3484.6,3329.0,3524.7,4098.5,4055.5,4115.4,4973.9,4592.2,5032.9,4612.8,4521.1,4571.3,4630.4
UK,93,. .,2328.2,3007.2,4082.4,4622.8,4471.6,4389.0,4488.4,4435.9,4442.9,4450.6,4587.8,4747.4,5005.7,5196.8,5509.0,5791.1,5985.0,6200.6,5563.2,5544.6,6074.4,6723.9,7860.5,8448.7,9346.4,11543.8,10766.7,11583.5,14217.5,18373.8,25363.4,24100.7,24785.7,23631.1,22732.9,23281.2,27216.8,31231.7,34304.1,33498.7,38943.8,42074.3,40774.9,34085.9,34493.5,34247.8,34490.9,35674.9,36866.3,36453.4,35254.8,35331.9,39659.5,46943.0,53970.3,55151.6,57483.0,65986.1,65619.5,57914.6,58082.8,60270.4,58495.7,56861.8,59182.9,53862.2,48118.9,47193.1
Middle East,,,,,,,,,,,,,,,,,,,,,,,,,,,,,,,,,,,,,,,,,,,,,,,,,,,,,,,,,,,,,,,,,,,,,,
Bahrain,94,xxx,xxx,xxx,xxx,xxx,xxx,xxx,xxx,xxx,xxx,xxx,xxx,xxx,xxx,xxx,xxx,xxx,xxx,xxx,xxx,xxx,xxx,11.6,12.5,16.8,26.3,16.4,26.3,40.4,116.1,157.2,175.1,239.4,311.2,183.5,164.9,167.6,178.2,178.2,207.4,218.1,239.4,263.3,279.3,279.3,284.6,303.2,321.8,321.8,329.8,364.4,359.0,372.3,444.1,516.0,531.9,513.3,574.2,642.6,719.9,828.2,842.8,1033.5,1182.2,1347.6,1475.3,1442.0,1505.5,1396.8
Egypt,¶ ,. .,. .,. .,. .,. .,. .,. .,. .,. .,. .,. .,. .,. .,249.7,335.8,448.5,515.2,481.8,508.3,648.6,888.9,1092.5,1266.1,1066.0,1243.9,1852.8,1926.9,2201.6,2751.1,2485.3,1152.9,1361.4,1817.1,2307.1,3004.3,3742.1,4203.6,4727.1,4805.7,4453.6,3516.3,2260.6,1345.8,1415.8,1526.2,1714.4,1948.9,2115.7,2267.7,2372.0,2448.0,2627.7,2834.3,2902.8,2383.9,2369.7,2659.4,2952.5,3306.9,3779.9,4017.4,4407.3,4464.0,4557.7,4359.8,5085.1,5475.5,4513.0,2773.7
Iran,95,. .,. .,. .,. .,. .,. .,. .,. .,. .,. .,. .,98.7,105.9,109.9,128.7,155.4,200.0,256.1,331.0,437.3,566.0,620.1,402.3,371.9,480.9,3877.9,5951.0,7186.3,7617.2,8113.7,4993.8,4874.9,8121.6,9703.5,10550.4,9926.3,10706.4,11741.4,15263.4,18889.0,16301.8,16474.4,17549.6,19732.6,1448.2,1703.2,2501.5,3551.0,4642.4,5479.4,6650.3,8327.1,10378.8,3243.9,3717.1,5243.6,6796.7,8751.5,9330.9,11082.0,12584.6,13561.3,14277.7,16494.0,11997.2,9901.1,10588.8,12264.0,14548.1
Iraq,¶ 96,. .,. .,. .,. .,. .,. .,. .,. .,83.2,86.7,100.2,118.7,125.5,135.1,163.2,185.2,225.7,235.0,234.5,291.4,376.0,401.1,426.3,466.1,665.2,1427.5,1590.2,1761.2,2007.7,1986.0,2371.7,2976.5,4086.5,. .,. .,. .,. .,. .,. .,. .,. .,. .,. .,. .,. .,. .,. .,. .,. .,. .,. .,. .,. .,. .,. .,613.7,1120.3,1236.1,1989.9,3116.3,3237.2,3752.9,4278.6,4141.1,7780.2,6921.3,9604.2,5970.4,7416.4
Israel,97,. .,. .,139.7,172.4,75.6,57.6,84.7,173.9,163.6,159.0,171.3,190.3,241.8,210.6,259.3,278.6,313.9,375.5,605.5,690.0,872.0,1259.6,1270.7,1461.4,2574.5,3475.6,3758.3,3648.7,3180.6,3117.5,3394.5,4120.8,4700.1,4518.5,4265.4,4214.3,4004.5,4386.2,5995.6,7592.7,6163.3,7275.1,10463.2,8188.1,8705.1,8689.2,8911.5,9539.7,9646.8,9105.8,8606.7,9365.0,9564.8,10055.2,10787.3,11086.9,10880.1,11520.8,12085.5,14151.1,13997.3,14573.2,16318.5,15545.7,17302.2,18481.1,16963.2,14782.8,16489.0
Jordan,,. .,. .,. .,. .,. .,. .,. .,. .,45.4,48.4,59.0,56.1,55.5,60.4,61.9,61.9,62.9,76.1,104.7,127.7,125.9,109.8,108.6,129.4,150.7,163.3,180.7,294.6,262.7,304.9,399.6,416.2,438.8,465.3,484.7,457.8,501.7,625.8,647.1,587.8,382.9,322.4,433.3,367.7,391.1,407.9,299.8,417.5,444.3,496.5,512.0,529.3,528.9,521.9,611.8,586.7,603.7,701.6,1032.4,1358.4,1568.3,1557.9,1594.8,1472.8,1444.9,1548.9,1614.9,1769.6,1939.7
Kuwait,98,. .,. .,. .,. .,. .,. .,. .,. .,. .,. .,. .,. .,. .,. .,. .,. .,. .,. .,. .,. .,. .,68.7,73.4,90.7,136.6,384.6,. .,. .,748.5,738.0,881.1,950.8,1042.0,1285.1,1425.5,1465.9,1379.9,1295.6,1336.7,1704.1,2076.4,8961.5,12924.4,6316.0,2980.1,3296.1,3692.4,3241.4,2454.3,2282.2,2286.4,2697.1,2685.7,2821.5,3130.7,3450.1,3509.4,3597.8,4115.7,4430.3,4208.9,4335.2,5393.5,5941.5,5698.1,5832.2,5735.1,6446.7,6831.1
Lebanon,,. .,. .,. .,. .,. .,. .,12.5,18.1,18.7,21.8,20.7,22.9,27.8,40.9,33.9,38.1,44.6,51.4,57.7,65.6,65.1,64.5,66.9,106.2,103.8,179.1,165.9,173.1,126.4,252.8,346.3,503.5,373.2,246.7,492.5,474.6,227.2,148.3,37.0,39.3,. .,214.4,229.5,442.8,453.0,637.5,746.3,735.6,678.2,693.9,829.7,930.0,958.5,907.5,923.4,954.6,962.5,1009.0,1152.2,1169.5,1426.2,1585.4,1626.5,1757.2,1935.7,2270.1,2239.4,2606.5,2441.1
Oman,‡ 99,. .,. .,. .,. .,. .,. .,. .,. .,. .,. .,. .,. .,. .,. .,. .,. .,. .,. .,. .,. .,. .,. .,38.8,72.7,119.8,340.8,697.7,785.5,686.5,765.8,778.8,1178.3,1511.3,1682.1,1942.7,2107.7,2157.0,1740.9,1518.9,1531.9,1562.0,1930.6,1673.1,2022.9,1919.9,2026.8,2018.5,1916.3,1976.1,1757.6,1787.3,2103.0,2426.5,2491.3,2625.7,2974.3,3652.0,4030.2,4326.1,4616.6,4490.0,4895.2,6667.6,12334.2,11688.4,10951.4,10044.7,10581.3,8686.6
Qatar,,xxx,xxx,xxx,xxx,xxx,xxx,xxx,xxx,xxx,xxx,xxx,xxx,xxx,xxx,xxx,xxx,xxx,xxx,xxx,xxx,xxx,xxx,. .,. .,. .,. .,. .,. .,. .,. .,. .,616.7,1059.5,1467.3,905.2,874.9,1528.9,. .,865.4,982.6,848.5,790.8,895.6,. .,. .,. .,. .,. .,. .,. .,. .,. .,. .,761.0,784.6,772.4,887.5,1065.7,1562.2,2317.5,1948.4,1876.8,. .,. .,. .,. .,. .,. .,. .
Saudi Arabia,§ 100,. .,. .,. .,. .,. .,. .,. .,. .,. .,71.2,72.3,140.9,71.6,84.2,113.8,123.6,177.8,300.4,336.2,338.7,429.3,471.6,587.3,930.6,1565.6,. .,. .,. .,11584.8,13404.1,17616.7,20724.5,24399.9,27095.8,21872.7,22672.1,17657.0,. .,14460.3,13354.7,12749.9,16355.5,16355.5,15360.3,16451.2,14279.7,13200.3,13340.0,18126.7,20861.6,18320.0,19964.3,21026.7,18501.9,18747.5,20910.4,25392.0,29580.5,35469.5,38222.9,41267.2,45244.5,48530.9,56497.9,67020.0,80762.4,87185.9,63672.8,69413.3
Syria,,. .,. .,. .,. .,. .,. .,. .,55.6,48.3,81.0,83.0,90.2,90.2,149.6,. .,112.0,118.1,102.4,118.6,190.1,194.5,199.7,177.0,260.2,388.7,537.4,887.8,945.1,998.2,1213.5,1581.7,2253.2,2437.7,2726.9,2733.5,3394.9,3510.3,3679.0,3650.2,3722.8,1483.7,1641.8,2893.8,2976.6,1426.1,1636.3,957.9,995.1,1046.9,1096.0,1127.6,897.0,1022.5,1102.9,1436.2,1388.5,1450.3,1435.2,1599.0,1732.4,2182.0,2346.0,2494.9,. .,. .,. .,. .,. .,. .
Turkey,,197.7,213.0,231.8,257.8,294.0,332.1,382.9,412.1,450.1,523.1,766.2,468.8,301.3,330.4,350.0,380.9,422.7,442.0,508.4,570.7,596.8,564.9,570.9,704.0,861.6,1136.7,2285.0,2534.8,2765.8,2727.9,3001.1,2672.0,2814.9,2754.7,2469.4,2190.1,2366.0,2769.4,2889.6,2663.9,3373.7,5315.4,5670.7,6157.9,7075.1,5293.2,6606.2,7512.1,7792.0,8781.0,9951.8,9993.7,7216.1,9050.4,10277.9,10920.8,12081.2,13363.3,15319.2,17127.3,16352.3,17939.4,17304.9,17958.2,18662.6,17772.2,15880.9,17854.0,18189.8
UAE,101,xxx,xxx,xxx,xxx,xxx,xxx,xxx,xxx,xxx,xxx,xxx,xxx,xxx,xxx,xxx,xxx,xxx,xxx,xxx,xxx,xxx,xxx,. .,. .,. .,. .,. .,. .,. .,. .,. .,. .,. .,. .,. .,. .,. .,. .,. .,. .,. .,. .,. .,. .,. .,. .,. .,. .,3335.8,4010.3,4233.1,5875.8,5798.0,5354.1,5834.7,6816.9,6604.2,7165.4,8461.0,11571.7,13836.4,17504.7,19181.8,19024.1,23561.1,22755.1,. .,. .,. .
Yemen,102,xxx,xxx,xxx,xxx,xxx,xxx,xxx,xxx,xxx,xxx,xxx,xxx,xxx,xxx,xxx,xxx,xxx,xxx,xxx,xxx,xxx,xxx,xxx,xxx,xxx,xxx,xxx,xxx,xxx,xxx,xxx,xxx,xxx,xxx,xxx,xxx,xxx,xxx,xxx,xxx,xxx,807.1,1028.2,1306.9,1535.5,2353.3,805.9,416.0,397.1,384.5,395.3,473.7,540.1,737.4,807.3,735.5,815.6,822.1,1050.5,1196.4,1420.8,1448.2,1612.3,1618.8,1648.8,1714.8,. .,. .,. .
"Yemen, North",103,. .,. .,. .,. .,. .,. .,. .,. .,. .,. .,. .,. .,. .,. .,. .,. .,. .,. .,. .,. .,. .,. .,. .,. .,. .,. .,. .,. .,. .,. .,. .,. .,. .,. .,. .,. .,. .,. .,. .,. .,. .,xxx,xxx,xxx,xxx,xxx,xxx,xxx,xxx,xxx,xxx,xxx,xxx,xxx,xxx,xxx,xxx,xxx,xxx,xxx,xxx,xxx,xxx,xxx,xxx,xxx,xxx,xxx,xxx
,,,,,,,,,,,,,,,,,,,,,,,,,,,,,,,,,,,,,,,,,,,,,,,,,,,,,,,,,,,,,,,,,,,,,,
,,,,,,,,,,,,,,,,,,,,,,,,,,,,,,,,,,,,,,,,,,,,,,,,,,,,,,,,,,,,,,,,,,,,,,
Numbered footnotes can be found on the Footnotes worksheet.,,,,,,,,,,,,,,,,,,,,,,,,,,,,,,,,,,,,,,,,,,,,,,,,,,,,,,,,,,,,,,,,,,,,,,
† Figures for these countries do not include military pensions,,,,,,,,,,,,,,,,,,,,,,,,,,,,,,,,,,,,,,,,,,,,,,,,,,,,,,,,,,,,,,,,,,,,,,
‡  Figures for these countries are for current spending only  (i.e. exclude capital spending),,,,,,,,,,,,,,,,,,,,,,,,,,,,,,,,,,,,,,,,,,,,,,,,,,,,,,,,,,,,,,,,,,,,,,
"§ Figures for these countries are for the adopted budget, rather than actual expenditure",,,,,,,,,,,,,,,,,,,,,,,,,,,,,,,,,,,,,,,,,,,,,,,,,,,,,,,,,,,,,,,,,,,,,,
¶ Figures for these countries do not include spending on paramilitary forces,,,,,,,,,,,,,,,,,,,,,,,,,,,,,,,,,,,,,,,,,,,,,,,,,,,,,,,,,,,,,,,,,,,,,,
"The symbols || and || between two parts of a series for a country indicate a series break, where data before the red lines may not be consistent with data after.",,,,,,,,,,,,,,,,,,,,,,,,,,,,,,,,,,,,,,,,,,,,,,,,,,,,,,,,,,,,,,,,,,,,,,